order_item_id,order_id,product_id,quantity,unit_price,discount_amount,tax_amount
1,446,86,2,221.25,6.93,16.59
2,1232,70,5,740.36,6.78,55.53
3,1494,112,1,45.61,11.31,3.42
4,716,88,5,383.94,5.83,28.8
5,976,104,4,343.22,2.35,25.74
6,819,87,3,605.06,13.07,45.38
7,104,54,3,94.38,17.02,7.08
8,742,38,2,181.56,18.63,13.62
9,426,74,4,189.6,19.45,14.22
10,1125,80,5,538.78,15.62,40.41
11,639,75,4,308.59,2.79,23.14
12,850,32,4,460.46,17.06,34.53
13,1130,45,3,45.28,8.0,3.4
14,769,61,5,843.13,14.6,63.23
15,277,70,1,740.36,10.63,55.53
16,1089,88,3,383.94,16.57,28.8
17,900,97,5,644.19,8.51,48.31
18,188,53,2,86.1,1.24,6.46
19,1341,51,3,452.19,11.14,33.91
20,1162,76,2,655.08,3.43,49.13
21,1367,56,0,374.37,19.31,28.08
22,105,27,4,422.03,10.54,31.65
23,546,38,5,181.56,11.07,13.62
24,380,62,2,837.2,18.15,62.79
25,110,18,3,377.04,12.49,28.28
26,545,109,2,818.5,6.05,61.39
27,354,103,3,326.63,5.92,24.5
28,743,64,3,50.52,10.03,3.79
29,317,119,1,163.76,17.33,12.28
30,1290,77,1,142.28,15.89,10.67
31,1089,117,1,61.89,19.25,4.64
32,333,104,2,343.22,1.44,25.74
33,1157,30,4,87.96,5.37,6.6
34,592,117,3,61.89,1.6,4.64
35,783,49,5,742.55,15.02,55.69
36,540,41,1,448.83,2.82,33.66
37,735,116,2,561.71,2.0,42.13
38,621,13,2,477.47,11.23,35.81
39,619,34,2,416.11,8.23,31.21
40,1393,100,5,605.3,14.3,45.4
41,909,94,5,234.67,9.74,17.6
42,992,25,1,336.2,8.51,25.22
43,99,66,5,422.81,8.51,31.71
44,317,100,1,605.3,17.44,45.4
45,123,18,5,377.04,7.9,28.28
46,1344,5,5,604.61,6.67,45.35
47,799,19,5,410.42,6.77,30.78
48,457,42,1,316.8,3.93,23.76
49,522,18,3,377.04,17.21,28.28
50,520,32,1,460.46,2.93,34.53
51,917,21,3,683.93,18.17,51.29
52,717,10,2,40.78,5.67,3.06
53,315,37,2,703.75,17.99,52.78
54,709,49,1,742.55,15.82,55.69
55,710,86,3,221.25,11.64,16.59
56,1044,13,3,477.47,13.39,35.81
57,560,55,3,437.47,6.52,32.81
58,969,17,2,185.26,11.48,13.89
59,1154,9,1,239.69,5.85,17.98
60,1317,88,4,383.94,8.05,28.8
61,1156,44,3,69.47,15.29,5.21
62,356,78,3,426.17,4.88,31.96
63,1078,46,4,556.56,16.78,41.74
64,890,8,1,166.49,7.52,12.49
65,793,119,3,163.76,10.64,12.28
66,1411,37,1,703.75,18.84,52.78
67,265,19,3,410.42,13.63,30.78
68,982,63,5,590.23,12.91,44.27
69,1239,92,3,265.07,14.23,19.88
70,1484,46,5,556.56,18.36,41.74
71,1482,105,1,78.61,4.97,5.9
72,802,94,3,234.67,12.26,17.6
73,43,71,2,815.62,8.01,61.17
74,862,26,2,403.55,0.24,30.27
75,1302,104,4,343.22,2.51,25.74
76,1154,46,2,556.56,6.5,41.74
77,350,118,5,161.53,11.3,12.11
78,1130,46,2,556.56,17.63,41.74
79,912,75,2,308.59,15.82,23.14
80,1,14,2,262.88,11.07,19.72
81,584,85,3,469.88,1.48,35.24
82,432,63,4,590.23,5.72,44.27
83,1330,72,1,511.89,7.33,38.39
84,53,3,4,455.48,12.43,34.16
85,940,28,5,463.39,1.3,34.75
86,520,29,3,677.83,10.6,50.84
87,1354,87,3,605.06,18.03,45.38
88,1349,18,2,377.04,14.11,28.28
89,1138,35,2,219.96,15.94,16.5
90,147,77,5,142.28,13.63,10.67
91,1190,76,3,655.08,4.13,49.13
92,1403,47,1,512.89,2.21,38.47
93,1163,114,4,707.32,16.59,53.05
94,629,5,3,604.61,13.91,45.35
95,299,103,1,326.63,11.5,24.5
96,1300,75,1,308.59,3.79,23.14
97,789,59,4,532.71,12.07,39.95
98,850,75,1,308.59,0.63,23.14
99,178,59,5,532.71,2.38,39.95
100,842,111,1,281.16,6.24,21.09
101,1378,106,5,402.03,8.87,30.15
102,1178,47,1,512.89,2.41,38.47
103,1225,95,2,311.68,2.4,23.38
104,878,95,1,311.68,14.52,23.38
105,1139,13,5,477.47,11.39,35.81
106,759,78,1,426.17,10.67,31.96
107,1092,113,1,836.2,9.05,62.72
108,1469,109,1,818.5,19.53,61.39
109,445,106,5,402.03,1.0,30.15
110,1350,89,1,290.51,3.61,21.79
111,708,33,4,553.89,12.95,41.54
112,602,97,4,644.19,2.73,48.31
113,1383,62,5,837.2,11.79,62.79
114,145,79,2,217.96,11.36,16.35
115,275,16,4,251.26,19.42,18.84
116,509,44,3,69.47,17.67,5.21
117,1203,58,4,634.01,18.91,47.55
118,753,120,3,217.67,2.27,16.33
119,477,102,5,165.16,17.36,12.39
120,1438,6,2,207.99,2.58,15.6
121,1177,108,3,584.48,12.66,43.84
122,1128,89,3,290.51,14.4,21.79
123,1099,15,4,464.2,3.22,34.82
124,1152,4,3,701.58,12.65,52.62
125,666,56,5,374.37,1.05,28.08
126,568,64,5,50.52,5.87,3.79
127,1369,68,5,859.52,18.42,64.46
128,531,94,4,234.67,3.43,17.6
129,159,34,2,416.11,1.31,31.21
130,1450,91,4,181.12,8.87,13.58
131,681,95,5,311.68,17.01,23.38
132,23,56,4,374.37,1.53,28.08
133,1071,32,5,460.46,7.11,34.53
134,525,108,1,584.48,18.0,43.84
135,729,103,1,326.63,2.36,24.5
136,144,116,3,561.71,6.21,42.13
137,668,9,2,239.69,15.57,17.98
138,1443,63,1,590.23,10.86,44.27
139,681,105,5,78.61,16.65,5.9
140,973,72,4,511.89,2.23,38.39
141,799,78,4,426.17,18.41,31.96
142,85,33,3,553.89,18.7,41.54
143,416,87,4,605.06,3.11,45.38
144,694,21,1,683.93,0.68,51.29
145,482,55,4,437.47,19.8,32.81
146,456,76,1,655.08,9.65,49.13
147,827,57,1,148.94,11.44,11.17
148,297,2,2,689.33,12.32,51.7
149,1136,13,3,477.47,15.79,35.81
150,1254,4,5,701.58,16.24,52.62
151,1120,84,1,740.13,3.88,55.51
152,950,50,3,585.0,4.73,43.88
153,680,115,5,251.84,17.54,18.89
154,378,48,4,306.89,16.39,23.02
155,1180,78,3,426.17,12.35,31.96
156,421,30,3,87.96,19.89,6.6
157,105,29,3,677.83,14.7,50.84
158,330,8,4,166.49,4.32,12.49
159,439,12,4,286.0,16.93,21.45
160,1156,41,3,448.83,8.29,33.66
161,382,102,2,165.16,0.72,12.39
162,138,26,1,403.55,6.43,30.27
163,943,50,4,585.0,15.27,43.88
164,843,2,2,689.33,19.2,51.7
165,270,55,4,437.47,5.52,32.81
166,396,104,3,343.22,4.93,25.74
167,913,56,2,374.37,11.27,28.08
168,464,14,5,262.88,16.23,19.72
169,450,6,1,207.99,14.93,15.6
170,1355,106,1,402.03,11.2,30.15
171,1277,104,4,343.22,12.63,25.74
172,1309,95,1,311.68,4.84,23.38
173,1298,81,5,698.31,8.65,52.37
174,20,89,2,290.51,5.11,21.79
175,239,61,2,843.13,17.69,63.23
176,1294,96,3,516.69,2.25,38.75
177,418,12,2,286.0,13.59,21.45
178,1334,113,4,836.2,5.21,62.72
179,1055,13,5,477.47,9.51,35.81
180,1128,19,3,410.42,5.99,30.78
181,186,44,4,69.47,6.46,5.21
182,1152,112,4,45.61,5.21,3.42
183,1234,89,4,290.51,15.06,21.79
184,1438,95,1,311.68,7.31,23.38
185,1305,59,4,532.71,14.53,39.95
186,253,37,1,703.75,9.12,52.78
187,19,25,2,336.2,10.94,25.22
188,712,16,1,251.26,10.87,18.84
189,1160,38,4,181.56,19.52,13.62
190,223,43,5,186.64,7.34,14.0
191,3,113,5,836.2,4.15,62.72
192,1260,87,2,605.06,18.24,45.38
193,854,14,4,262.88,3.5,19.72
194,1489,6,1,207.99,16.69,15.6
195,228,89,5,290.51,3.0,21.79
196,913,23,3,290.66,13.17,21.8
197,499,60,4,85.64,3.01,6.42
198,521,107,4,355.52,18.46,26.66
199,702,12,3,286.0,11.3,21.45
200,917,13,5,477.47,6.59,35.81
201,1163,100,3,605.3,2.81,45.4
202,1300,103,2,326.63,7.42,24.5
203,291,98,1,462.99,14.1,34.72
204,1077,6,1,207.99,7.7,15.6
205,1134,63,5,590.23,4.92,44.27
206,715,38,3,181.56,11.55,13.62
207,948,50,4,585.0,8.36,43.88
208,648,52,4,399.73,3.32,29.98
209,1028,40,4,392.71,3.08,29.45
210,684,8,2,166.49,14.15,12.49
211,870,61,2,843.13,19.49,63.23
212,1071,8,4,166.49,4.66,12.49
213,94,104,5,343.22,15.46,25.74
214,940,97,2,644.19,1.75,48.31
215,560,34,2,416.11,7.63,31.21
216,213,108,1,584.48,10.13,43.84
217,436,79,1,217.96,5.37,16.35
218,852,100,5,605.3,10.59,45.4
219,508,60,2,85.64,17.65,6.42
220,836,57,2,148.94,18.89,11.17
221,651,99,3,489.36,2.01,36.7
222,205,46,5,556.56,5.44,41.74
223,381,22,5,46.78,19.58,3.51
224,1097,87,3,605.06,5.41,45.38
225,1100,40,3,392.71,13.85,29.45
226,77,45,1,45.28,5.07,3.4
227,816,55,5,437.47,7.13,32.81
228,768,51,5,452.19,3.83,33.91
229,410,86,3,221.25,17.13,16.59
230,106,5,4,604.61,17.65,45.35
231,551,95,4,311.68,5.94,23.38
232,1500,13,1,477.47,16.47,35.81
233,826,28,4,463.39,7.16,34.75
234,1299,84,4,740.13,1.98,55.51
235,88,97,4,644.19,15.16,48.31
236,881,80,2,538.78,11.93,40.41
237,1101,62,1,837.2,5.49,62.79
238,1101,93,3,372.93,5.06,27.97
239,1466,87,4,605.06,19.51,45.38
240,540,24,2,605.08,17.25,45.38
241,245,98,4,462.99,16.2,34.72
242,578,7,2,172.14,2.56,12.91
243,1406,38,1,181.56,15.1,13.62
244,982,37,4,703.75,4.29,52.78
245,717,68,2,859.52,19.55,64.46
246,142,98,5,462.99,1.04,34.72
247,893,42,5,316.8,7.04,23.76
248,1392,86,2,221.25,8.57,16.59
249,1108,5,4,604.61,16.48,45.35
250,1167,64,4,50.52,15.32,3.79
251,352,50,1,585.0,7.5,43.88
252,545,106,1,402.03,11.31,30.15
253,913,87,3,605.06,16.71,45.38
254,152,118,1,161.53,0.36,12.11
255,1182,15,4,464.2,16.04,34.82
256,1470,95,3,311.68,18.94,23.38
257,653,73,1,381.52,0.64,28.61
258,958,107,2,355.52,0.91,26.66
259,763,53,5,86.1,6.89,6.46
260,1327,25,1,336.2,1.76,25.22
261,624,89,1,290.51,9.59,21.79
262,656,113,2,836.2,14.57,62.72
263,450,85,4,469.88,11.34,35.24
264,721,9,2,239.69,3.93,17.98
265,1248,119,1,163.76,13.1,12.28
266,43,112,4,45.61,13.7,3.42
267,264,38,3,181.56,18.65,13.62
268,1027,22,1,46.78,2.94,3.51
269,1292,107,2,355.52,13.85,26.66
270,596,87,3,605.06,18.23,45.38
271,1040,49,5,742.55,10.03,55.69
272,1358,68,3,859.52,7.24,64.46
273,1488,93,2,372.93,3.41,27.97
274,1083,15,3,464.2,17.34,34.82
275,1013,65,2,433.0,7.88,32.48
276,177,54,1,94.38,18.5,7.08
277,63,30,4,87.96,16.96,6.6
278,958,93,5,372.93,7.53,27.97
279,1003,20,4,245.69,11.48,18.43
280,561,33,4,553.89,0.54,41.54
281,1331,105,4,78.61,5.26,5.9
282,1270,108,2,584.48,14.21,43.84
283,1313,100,2,605.3,13.56,45.4
284,955,86,5,221.25,7.07,16.59
285,1356,77,2,142.28,16.17,10.67
286,850,7,2,172.14,4.72,12.91
287,1279,8,2,166.49,9.23,12.49
288,604,28,2,463.39,9.45,34.75
289,606,45,1,45.28,6.82,3.4
290,830,107,5,355.52,19.09,26.66
291,1487,73,2,381.52,13.93,28.61
292,1223,89,5,290.51,10.78,21.79
293,1295,120,3,217.67,10.21,16.33
294,746,80,1,538.78,3.19,40.41
295,558,74,2,189.6,7.44,14.22
296,64,11,1,399.71,13.46,29.98
297,1254,31,1,239.51,18.49,17.96
298,942,12,3,286.0,16.33,21.45
299,249,95,5,311.68,6.01,23.38
300,1270,78,1,426.17,8.68,31.96
301,940,51,4,452.19,1.66,33.91
302,157,44,3,69.47,2.04,5.21
303,735,96,4,516.69,9.4,38.75
304,985,50,3,585.0,10.6,43.88
305,1112,117,4,61.89,5.28,4.64
306,1337,17,4,185.26,12.86,13.89
307,1090,35,1,219.96,14.07,16.5
308,662,1,1,772.96,5.98,57.97
309,1044,29,3,677.83,15.17,50.84
310,33,51,5,452.19,4.11,33.91
311,558,64,1,50.52,10.89,3.79
312,73,4,1,701.58,16.09,52.62
313,825,87,2,605.06,10.74,45.38
314,1367,28,1,463.39,18.16,34.75
315,1157,16,5,251.26,1.17,18.84
316,1079,63,2,590.23,11.77,44.27
317,61,76,4,655.08,11.24,49.13
318,272,53,4,86.1,13.21,6.46
319,246,85,2,469.88,16.67,35.24
320,1200,109,2,818.5,14.52,61.39
321,628,17,2,185.26,15.81,13.89
322,1341,40,3,392.71,5.78,29.45
323,705,13,5,477.47,7.75,35.81
324,662,52,5,399.73,12.54,29.98
325,1155,58,4,634.01,11.07,47.55
326,1126,96,4,516.69,19.22,38.75
327,310,37,4,703.75,3.74,52.78
328,1316,114,1,707.32,7.03,53.05
329,495,79,4,217.96,11.46,16.35
330,1385,76,2,655.08,17.36,49.13
331,338,61,4,843.13,18.59,63.23
332,579,113,2,836.2,6.72,62.72
333,10,79,3,217.96,1.34,16.35
334,49,34,1,416.11,8.43,31.21
335,623,70,1,740.36,7.89,55.53
336,1345,17,5,185.26,19.73,13.89
337,731,112,3,45.61,8.62,3.42
338,795,113,2,836.2,6.11,62.72
339,971,20,3,245.69,7.31,18.43
340,133,73,1,381.52,7.94,28.61
341,83,59,2,532.71,16.43,39.95
342,57,69,3,479.33,1.62,35.95
343,376,87,1,605.06,6.33,45.38
344,349,33,2,553.89,19.33,41.54
345,271,102,2,165.16,3.06,12.39
346,111,120,1,217.67,14.85,16.33
347,869,78,2,426.17,7.13,31.96
348,887,17,1,185.26,11.64,13.89
349,76,57,4,148.94,1.99,11.17
350,1182,83,4,202.33,6.13,15.17
351,329,97,2,644.19,10.02,48.31
352,122,1,2,772.96,4.63,57.97
353,41,13,1,477.47,10.84,35.81
354,1191,110,2,362.95,4.4,27.22
355,922,27,5,422.03,13.0,31.65
356,642,70,4,740.36,18.09,55.53
357,1047,59,2,532.71,1.71,39.95
358,279,6,2,207.99,4.33,15.6
359,763,97,3,644.19,16.89,48.31
360,469,94,2,234.67,12.63,17.6
361,1424,110,5,362.95,1.57,27.22
362,9,99,4,489.36,9.73,36.7
363,13,23,3,290.66,4.2,21.8
364,924,10,1,40.78,3.98,3.06
365,923,51,1,452.19,18.81,33.91
366,1076,19,4,410.42,15.23,30.78
367,1233,51,1,452.19,13.92,33.91
368,1426,92,5,265.07,4.78,19.88
369,1215,87,2,605.06,2.37,45.38
370,1075,68,4,859.52,17.42,64.46
371,1417,84,3,740.13,0.12,55.51
372,653,83,2,202.33,7.76,15.17
373,621,42,1,316.8,5.55,23.76
374,1324,91,1,181.12,11.41,13.58
375,196,57,3,148.94,5.01,11.17
376,417,98,5,462.99,6.22,34.72
377,664,68,3,859.52,17.0,64.46
378,1444,120,4,217.67,12.06,16.33
379,1380,38,3,181.56,2.91,13.62
380,148,62,1,837.2,14.53,62.79
381,1001,7,5,172.14,4.15,12.91
382,1389,112,5,45.61,8.66,3.42
383,364,71,3,815.62,12.93,61.17
384,402,50,4,585.0,5.44,43.88
385,606,52,1,399.73,7.68,29.98
386,229,26,2,403.55,14.68,30.27
387,537,26,5,403.55,18.76,30.27
388,268,118,3,161.53,10.58,12.11
389,1429,19,4,410.42,0.2,30.78
390,1035,9,4,239.69,6.77,17.98
391,1344,61,1,843.13,7.97,63.23
392,126,20,5,245.69,6.78,18.43
393,306,106,1,402.03,8.73,30.15
394,1113,109,2,818.5,12.65,61.39
395,1379,50,2,585.0,2.42,43.88
396,628,80,2,538.78,5.45,40.41
397,1376,118,4,161.53,10.15,12.11
398,689,81,5,698.31,6.31,52.37
399,1038,22,1,46.78,19.82,3.51
400,1281,13,1,477.47,8.63,35.81
401,1233,12,2,286.0,17.4,21.45
402,281,10,5,40.78,17.93,3.06
403,443,65,5,433.0,16.72,32.48
404,837,96,3,516.69,0.94,38.75
405,389,30,5,87.96,18.95,6.6
406,617,8,5,166.49,2.57,12.49
407,147,21,1,683.93,0.69,51.29
408,1303,22,5,46.78,8.29,3.51
409,521,18,5,377.04,3.89,28.28
410,630,66,1,422.81,3.68,31.71
411,434,48,5,306.89,5.76,23.02
412,144,44,1,69.47,4.97,5.21
413,289,9,3,239.69,13.7,17.98
414,1410,67,4,536.34,3.74,40.23
415,14,54,1,94.38,10.86,7.08
416,257,26,1,403.55,19.73,30.27
417,1370,85,5,469.88,8.65,35.24
418,1369,94,1,234.67,12.84,17.6
419,1424,92,2,265.07,19.39,19.88
420,1231,100,2,605.3,2.75,45.4
421,858,26,3,403.55,8.37,30.27
422,943,34,1,416.11,17.0,31.21
423,1196,8,5,166.49,18.65,12.49
424,464,10,5,40.78,12.02,3.06
425,270,48,4,306.89,2.87,23.02
426,1245,55,3,437.47,18.03,32.81
427,1176,107,5,355.52,3.49,26.66
428,623,114,4,707.32,7.06,53.05
429,1207,54,5,94.38,7.51,7.08
430,1423,78,4,426.17,8.95,31.96
431,72,40,2,392.71,15.8,29.45
432,1442,119,2,163.76,16.04,12.28
433,1307,15,5,464.2,14.39,34.82
434,74,81,3,698.31,0.44,52.37
435,355,117,1,61.89,11.3,4.64
436,497,18,3,377.04,14.95,28.28
437,1352,96,3,516.69,8.89,38.75
438,988,102,1,165.16,18.9,12.39
439,580,23,2,290.66,16.48,21.8
440,910,62,2,837.2,12.76,62.79
441,1471,46,1,556.56,1.25,41.74
442,373,87,4,605.06,13.05,45.38
443,362,99,3,489.36,18.23,36.7
444,93,39,5,334.03,7.59,25.05
445,1345,15,2,464.2,16.76,34.82
446,324,53,5,86.1,6.26,6.46
447,384,88,1,383.94,11.4,28.8
448,575,64,5,50.52,12.97,3.79
449,736,63,5,590.23,13.56,44.27
450,737,92,3,265.07,17.65,19.88
451,346,80,1,538.78,4.69,40.41
452,1127,16,5,251.26,5.25,18.84
453,1239,104,2,343.22,14.08,25.74
454,1216,103,1,326.63,3.54,24.5
455,719,70,2,740.36,9.29,55.53
456,781,66,4,422.81,0.4,31.71
457,1020,118,5,161.53,2.82,12.11
458,1218,13,1,477.47,13.58,35.81
459,1404,108,2,584.48,14.95,43.84
460,1427,47,5,512.89,2.31,38.47
461,664,9,3,239.69,4.55,17.98
462,600,63,2,590.23,1.98,44.27
463,11,34,2,416.11,8.67,31.21
464,187,81,4,698.31,2.52,52.37
465,726,91,3,181.12,8.75,13.58
466,1039,29,4,677.83,14.64,50.84
467,778,37,3,703.75,13.67,52.78
468,1321,43,2,186.64,5.61,14.0
469,411,86,4,221.25,13.48,16.59
470,956,115,5,251.84,18.55,18.89
471,585,64,3,50.52,6.95,3.79
472,1076,24,2,605.08,6.58,45.38
473,1052,71,1,815.62,11.43,61.17
474,577,34,3,416.11,4.91,31.21
475,1041,48,3,306.89,13.03,23.02
476,1375,12,5,286.0,16.65,21.45
477,1452,23,3,290.66,9.19,21.8
478,1253,79,3,217.96,13.59,16.35
479,989,97,5,644.19,13.04,48.31
480,1234,13,5,477.47,0.77,35.81
481,1455,87,4,605.06,3.67,45.38
482,1318,102,2,165.16,17.87,12.39
483,743,96,2,516.69,18.78,38.75
484,1128,45,4,45.28,15.61,3.4
485,204,114,2,707.32,18.42,53.05
486,1077,99,3,489.36,6.12,36.7
487,974,65,4,433.0,4.95,32.48
488,940,47,4,512.89,7.69,38.47
489,1399,58,2,634.01,1.11,47.55
490,1078,109,1,818.5,16.2,61.39
491,1300,5,2,604.61,19.68,45.35
492,1359,77,1,142.28,16.48,10.67
493,1055,118,4,161.53,11.1,12.11
494,1159,5,1,604.61,5.91,45.35
495,1082,60,3,85.64,3.95,6.42
496,105,96,5,516.69,7.28,38.75
497,1290,115,1,251.84,13.34,18.89
498,253,21,5,683.93,8.94,51.29
499,295,24,3,605.08,18.68,45.38
500,668,18,5,377.04,17.08,28.28
501,1182,21,3,683.93,2.05,51.29
502,549,54,5,94.38,2.63,7.08
503,631,10,5,40.78,13.52,3.06
504,1091,24,2,605.08,4.62,45.38
505,299,104,1,343.22,15.82,25.74
506,1487,111,5,281.16,11.83,21.09
507,101,85,4,469.88,4.6,35.24
508,1080,89,2,290.51,9.57,21.79
509,332,116,1,561.71,8.12,42.13
510,836,60,2,85.64,17.46,6.42
511,393,57,1,148.94,0.64,11.17
512,874,23,3,290.66,17.92,21.8
513,381,22,5,46.78,13.04,3.51
514,92,68,4,859.52,14.75,64.46
515,447,34,2,416.11,0.05,31.21
516,109,120,2,217.67,12.56,16.33
517,317,70,2,740.36,11.77,55.53
518,1192,28,2,463.39,10.74,34.75
519,1459,95,5,311.68,15.72,23.38
520,442,99,1,489.36,11.12,36.7
521,218,39,5,334.03,17.14,25.05
522,1246,42,3,316.8,4.65,23.76
523,673,23,5,290.66,16.12,21.8
524,278,70,5,740.36,3.59,55.53
525,1009,80,3,538.78,16.26,40.41
526,569,2,5,689.33,18.81,51.7
527,1010,24,1,605.08,6.71,45.38
528,875,17,4,185.26,10.6,13.89
529,466,109,3,818.5,13.17,61.39
530,839,65,2,433.0,1.59,32.48
531,754,70,1,740.36,9.88,55.53
532,838,69,4,479.33,7.21,35.95
533,30,109,1,818.5,17.45,61.39
534,359,60,1,85.64,17.53,6.42
535,1312,119,2,163.76,14.02,12.28
536,86,50,4,585.0,13.11,43.88
537,1258,93,1,372.93,14.67,27.97
538,747,12,2,286.0,7.32,21.45
539,313,103,3,326.63,8.09,24.5
540,365,47,2,512.89,11.07,38.47
541,905,67,5,536.34,18.76,40.23
542,1293,112,2,45.61,14.48,3.42
543,698,65,2,433.0,11.02,32.48
544,131,27,2,422.03,15.41,31.65
545,803,48,1,306.89,7.42,23.02
546,789,88,4,383.94,14.61,28.8
547,351,62,2,837.2,8.21,62.79
548,180,44,2,69.47,5.59,5.21
549,1187,19,5,410.42,12.19,30.78
550,1120,59,5,532.71,13.74,39.95
551,774,8,3,166.49,9.19,12.49
552,510,55,3,437.47,11.31,32.81
553,365,108,5,584.48,13.88,43.84
554,981,47,4,512.89,15.35,38.47
555,353,2,3,689.33,17.91,51.7
556,800,94,4,234.67,7.09,17.6
557,1460,94,5,234.67,19.03,17.6
558,1107,113,3,836.2,12.75,62.72
559,1249,39,2,334.03,15.75,25.05
560,412,45,5,45.28,14.0,3.4
561,735,32,3,460.46,4.11,34.53
562,981,65,4,433.0,1.43,32.48
563,118,38,4,181.56,14.53,13.62
564,482,77,3,142.28,10.22,10.67
565,192,11,4,399.71,14.04,29.98
566,591,10,3,40.78,9.54,3.06
567,590,112,3,45.61,6.24,3.42
568,659,59,4,532.71,5.7,39.95
569,107,90,1,651.56,14.61,48.87
570,382,120,2,217.67,5.54,16.33
571,783,55,5,437.47,14.29,32.81
572,390,20,2,245.69,7.68,18.43
573,244,81,5,698.31,15.42,52.37
574,585,17,5,185.26,2.86,13.89
575,869,68,2,859.52,4.1,64.46
576,468,5,3,604.61,13.72,45.35
577,866,60,4,85.64,11.2,6.42
578,934,23,1,290.66,4.08,21.8
579,1234,46,1,556.56,18.06,41.74
580,604,52,1,399.73,5.52,29.98
581,1015,10,2,40.78,8.42,3.06
582,1097,46,2,556.56,4.05,41.74
583,1333,28,3,463.39,7.76,34.75
584,860,97,1,644.19,9.83,48.31
585,1210,43,3,186.64,5.9,14.0
586,1277,26,1,403.55,15.38,30.27
587,13,55,2,437.47,7.88,32.81
588,299,114,4,707.32,14.59,53.05
589,1100,48,4,306.89,4.14,23.02
590,1075,29,4,677.83,7.54,50.84
591,787,27,4,422.03,0.16,31.65
592,149,18,5,377.04,15.17,28.28
593,122,104,1,343.22,12.52,25.74
594,1235,60,4,85.64,16.36,6.42
595,1304,74,5,189.6,9.11,14.22
596,538,106,5,402.03,15.99,30.15
597,1180,69,5,479.33,12.95,35.95
598,1262,74,3,189.6,0.07,14.22
599,376,114,3,707.32,5.07,53.05
600,82,21,5,683.93,9.88,51.29
601,492,24,4,605.08,12.37,45.38
602,356,102,1,165.16,1.31,12.39
603,925,3,2,455.48,14.1,34.16
604,1297,104,3,343.22,10.87,25.74
605,1068,95,4,311.68,10.52,23.38
606,1005,62,4,837.2,5.84,62.79
607,123,105,2,78.61,11.9,5.9
608,1373,101,2,484.82,0.55,36.36
609,708,2,4,689.33,1.29,51.7
610,330,66,2,422.81,14.68,31.71
611,1433,103,4,326.63,6.44,24.5
612,991,113,2,836.2,6.94,62.72
613,323,42,2,316.8,4.17,23.76
614,1135,108,4,584.48,8.91,43.84
615,770,34,5,416.11,1.04,31.21
616,1113,42,4,316.8,6.01,23.76
617,433,20,1,245.69,10.54,18.43
618,710,97,2,644.19,9.31,48.31
619,794,68,3,859.52,19.99,64.46
620,712,45,2,45.28,7.78,3.4
621,1123,108,1,584.48,7.74,43.84
622,539,75,3,308.59,10.07,23.14
623,601,42,3,316.8,3.81,23.76
624,1170,47,4,512.89,17.53,38.47
625,257,5,5,604.61,11.45,45.35
626,1213,89,4,290.51,3.84,21.79
627,1264,49,3,742.55,15.87,55.69
628,871,37,3,703.75,0.69,52.78
629,899,34,5,416.11,19.65,31.21
630,809,73,2,381.52,17.3,28.61
631,677,70,5,740.36,11.59,55.53
632,271,18,4,377.04,2.23,28.28
633,550,78,2,426.17,4.31,31.96
634,1138,19,4,410.42,5.59,30.78
635,1363,78,5,426.17,4.82,31.96
636,568,40,2,392.71,9.95,29.45
637,986,17,5,185.26,18.89,13.89
638,359,60,1,85.64,8.88,6.42
639,1358,99,3,489.36,13.23,36.7
640,1193,93,2,372.93,13.77,27.97
641,1363,42,3,316.8,17.43,23.76
642,798,81,1,698.31,0.68,52.37
643,1285,107,2,355.52,8.09,26.66
644,887,72,3,511.89,15.69,38.39
645,1223,65,3,433.0,16.3,32.48
646,211,109,2,818.5,18.55,61.39
647,287,53,3,86.1,14.06,6.46
648,743,100,3,605.3,4.9,45.4
649,1496,7,2,172.14,10.11,12.91
650,1047,110,3,362.95,0.65,27.22
651,1133,5,3,604.61,12.94,45.35
652,296,24,4,605.08,11.09,45.38
653,6,28,4,463.39,13.34,34.75
654,550,62,1,837.2,18.6,62.79
655,681,107,4,355.52,13.75,26.66
656,795,17,4,185.26,6.41,13.89
657,203,101,1,484.82,3.97,36.36
658,325,20,3,245.69,17.09,18.43
659,825,3,3,455.48,3.89,34.16
660,244,37,4,703.75,3.23,52.78
661,327,90,1,651.56,4.13,48.87
662,987,15,3,464.2,10.18,34.82
663,1071,51,5,452.19,2.48,33.91
664,761,48,2,306.89,18.76,23.02
665,1037,8,2,166.49,19.33,12.49
666,907,13,2,477.47,19.48,35.81
667,1404,48,4,306.89,0.78,23.02
668,365,3,2,455.48,18.92,34.16
669,1366,65,2,433.0,19.95,32.48
670,1245,73,5,381.52,18.85,28.61
671,73,31,3,239.51,13.42,17.96
672,1070,105,5,78.61,14.02,5.9
673,274,118,4,161.53,2.45,12.11
674,208,26,2,403.55,17.49,30.27
675,124,81,3,698.31,1.19,52.37
676,1034,56,2,374.37,6.35,28.08
677,1353,34,2,416.11,19.82,31.21
678,1211,9,4,239.69,8.45,17.98
679,543,62,2,837.2,2.62,62.79
680,60,120,1,217.67,19.39,16.33
681,899,115,3,251.84,19.68,18.89
682,886,13,3,477.47,3.74,35.81
683,782,69,1,479.33,17.3,35.95
684,442,41,4,448.83,7.81,33.66
685,1241,77,2,142.28,7.63,10.67
686,911,1,2,772.96,5.25,57.97
687,1026,89,3,290.51,0.89,21.79
688,832,47,4,512.89,5.36,38.47
689,1008,4,4,701.58,1.08,52.62
690,1380,100,4,605.3,18.49,45.4
691,626,63,2,590.23,13.23,44.27
692,1189,52,4,399.73,17.73,29.98
693,998,10,1,40.78,14.35,3.06
694,734,28,5,463.39,2.63,34.75
695,91,6,4,207.99,18.81,15.6
696,167,27,5,422.03,18.0,31.65
697,959,120,2,217.67,6.96,16.33
698,207,12,4,286.0,2.23,21.45
699,1306,62,3,837.2,14.08,62.79
700,1089,52,2,399.73,14.57,29.98
701,516,48,1,306.89,17.94,23.02
702,1181,67,1,536.34,1.05,40.23
703,747,46,5,556.56,2.83,41.74
704,306,97,5,644.19,11.96,48.31
705,395,74,3,189.6,12.38,14.22
706,1098,95,3,311.68,0.67,23.38
707,187,15,1,464.2,7.94,34.82
708,1361,71,4,815.62,11.68,61.17
709,623,36,1,518.21,14.76,38.87
710,730,14,1,262.88,6.32,19.72
711,240,120,3,217.67,9.68,16.33
712,533,112,5,45.61,16.28,3.42
713,141,78,3,426.17,19.08,31.96
714,1289,3,3,455.48,4.61,34.16
715,139,113,3,836.2,5.06,62.72
716,459,117,1,61.89,18.8,4.64
717,70,110,4,362.95,7.92,27.22
718,385,114,1,707.32,14.37,53.05
719,630,67,2,536.34,12.25,40.23
720,198,86,3,221.25,5.71,16.59
721,205,19,3,410.42,13.07,30.78
722,568,99,2,489.36,13.11,36.7
723,982,76,3,655.08,11.85,49.13
724,805,54,3,94.38,1.99,7.08
725,859,69,3,479.33,19.9,35.95
726,882,10,2,40.78,8.01,3.06
727,974,105,1,78.61,12.77,5.9
728,640,33,3,553.89,17.72,41.54
729,1455,13,4,477.47,8.47,35.81
730,325,99,2,489.36,15.48,36.7
731,442,51,5,452.19,19.44,33.91
732,804,32,2,460.46,7.18,34.53
733,288,75,1,308.59,8.11,23.14
734,226,112,2,45.61,18.11,3.42
735,1088,102,5,165.16,3.19,12.39
736,967,24,4,605.08,0.57,45.38
737,938,35,5,219.96,18.18,16.5
738,560,83,2,202.33,16.43,15.17
739,714,70,5,740.36,19.45,55.53
740,498,40,2,392.71,1.16,29.45
741,849,54,4,94.38,3.12,7.08
742,926,109,4,818.5,2.11,61.39
743,60,44,1,69.47,13.67,5.21
744,1421,62,4,837.2,12.12,62.79
745,257,106,3,402.03,7.19,30.15
746,577,99,5,489.36,1.15,36.7
747,239,68,5,859.52,12.79,64.46
748,38,33,2,553.89,11.4,41.54
749,25,77,4,142.28,2.26,10.67
750,410,56,1,374.37,18.18,28.08
751,461,36,1,518.21,3.98,38.87
752,988,54,1,94.38,14.87,7.08
753,1441,107,3,355.52,17.7,26.66
754,357,19,4,410.42,11.59,30.78
755,383,43,1,186.64,4.94,14.0
756,1182,12,3,286.0,6.18,21.45
757,569,11,5,399.71,17.71,29.98
758,1457,70,2,740.36,5.97,55.53
759,1072,12,4,286.0,14.92,21.45
760,1352,91,4,181.12,19.8,13.58
761,433,41,5,448.83,20.0,33.66
762,1455,25,4,336.2,10.67,25.22
763,56,106,4,402.03,16.53,30.15
764,577,3,4,455.48,19.8,34.16
765,268,3,4,455.48,7.49,34.16
766,69,84,3,740.13,5.05,55.51
767,902,28,3,463.39,2.28,34.75
768,1473,23,2,290.66,2.82,21.8
769,793,48,4,306.89,17.07,23.02
770,257,67,5,536.34,11.77,40.23
771,672,42,1,316.8,17.47,23.76
772,490,88,2,383.94,15.79,28.8
773,746,107,1,355.52,13.47,26.66
774,49,40,1,392.71,12.19,29.45
775,316,6,4,207.99,0.97,15.6
776,413,20,5,245.69,17.45,18.43
777,434,11,1,399.71,8.36,29.98
778,1026,96,1,516.69,11.2,38.75
779,1169,27,2,422.03,0.44,31.65
780,1390,21,5,683.93,18.72,51.29
781,420,108,5,584.48,18.05,43.84
782,844,112,1,45.61,10.87,3.42
783,1468,114,5,707.32,11.55,53.05
784,916,13,2,477.47,14.1,35.81
785,434,86,2,221.25,5.29,16.59
786,643,35,2,219.96,4.44,16.5
787,57,47,4,512.89,13.48,38.47
788,964,86,1,221.25,2.09,16.59
789,977,28,5,463.39,9.08,34.75
790,1202,21,2,683.93,9.86,51.29
791,1317,110,1,362.95,7.63,27.22
792,46,18,1,377.04,3.71,28.28
793,1194,31,4,239.51,7.11,17.96
794,1295,60,5,85.64,6.75,6.42
795,417,110,5,362.95,9.99,27.22
796,848,37,2,703.75,13.49,52.78
797,139,21,2,683.93,19.36,51.29
798,247,14,1,262.88,2.88,19.72
799,1172,89,5,290.51,17.46,21.79
800,230,91,5,181.12,5.68,13.58
801,792,104,2,343.22,11.83,25.74
802,637,60,3,85.64,10.93,6.42
803,374,23,1,290.66,11.14,21.8
804,1104,95,5,311.68,14.47,23.38
805,738,111,4,281.16,7.63,21.09
806,1089,29,4,677.83,6.38,50.84
807,88,47,3,512.89,17.06,38.47
808,1112,30,2,87.96,4.4,6.6
809,713,115,2,251.84,3.6,18.89
810,1228,90,2,651.56,0.31,48.87
811,1406,84,4,740.13,4.21,55.51
812,601,38,2,181.56,10.37,13.62
813,1500,83,4,202.33,10.77,15.17
814,539,27,3,422.03,5.09,31.65
815,214,89,1,290.51,1.45,21.79
816,74,104,5,343.22,14.89,25.74
817,61,102,3,165.16,15.16,12.39
818,698,116,4,561.71,19.96,42.13
819,1243,87,3,605.06,18.0,45.38
820,12,93,5,372.93,18.52,27.97
821,814,15,1,464.2,15.96,34.82
822,1439,59,5,532.71,12.31,39.95
823,32,3,4,455.48,2.57,34.16
824,1184,10,5,40.78,12.45,3.06
825,1001,79,3,217.96,1.12,16.35
826,237,120,2,217.67,17.71,16.33
827,1205,80,3,538.78,9.64,40.41
828,558,17,4,185.26,13.95,13.89
829,1365,83,1,202.33,1.04,15.17
830,1482,11,5,399.71,10.68,29.98
831,1104,48,1,306.89,6.03,23.02
832,647,5,4,604.61,5.7,45.35
833,987,69,5,479.33,7.79,35.95
834,820,64,3,50.52,0.01,3.79
835,473,14,3,262.88,9.33,19.72
836,112,50,4,585.0,9.73,43.88
837,1316,26,5,403.55,17.26,30.27
838,383,72,3,511.89,8.97,38.39
839,17,69,4,479.33,7.27,35.95
840,493,7,4,172.14,19.89,12.91
841,1355,16,1,251.26,11.42,18.84
842,926,55,3,437.47,9.45,32.81
843,1430,78,5,426.17,9.92,31.96
844,117,101,3,484.82,16.18,36.36
845,880,56,3,374.37,6.81,28.08
846,115,105,3,78.61,7.78,5.9
847,814,4,4,701.58,15.12,52.62
848,644,100,2,605.3,1.46,45.4
849,1360,48,2,306.89,17.3,23.02
850,336,120,1,217.67,8.6,16.33
851,922,17,3,185.26,11.63,13.89
852,147,111,2,281.16,15.15,21.09
853,122,36,1,518.21,5.32,38.87
854,81,70,4,740.36,17.81,55.53
855,685,80,3,538.78,19.58,40.41
856,662,93,5,372.93,9.89,27.97
857,375,100,4,605.3,18.74,45.4
858,63,38,1,181.56,0.02,13.62
859,504,101,4,484.82,17.88,36.36
860,668,112,5,45.61,6.22,3.42
861,449,62,4,837.2,6.23,62.79
862,1452,48,1,306.89,4.56,23.02
863,868,10,5,40.78,6.34,3.06
864,1451,105,5,78.61,4.27,5.9
865,1445,36,4,518.21,18.12,38.87
866,1346,29,5,677.83,17.98,50.84
867,680,78,4,426.17,2.04,31.96
868,1190,4,3,701.58,2.86,52.62
869,461,44,5,69.47,17.24,5.21
870,459,56,4,374.37,7.98,28.08
871,1213,42,3,316.8,3.39,23.76
872,464,100,5,605.3,10.21,45.4
873,912,114,3,707.32,8.33,53.05
874,379,109,5,818.5,4.38,61.39
875,1026,13,1,477.47,14.42,35.81
876,364,46,1,556.56,12.63,41.74
877,72,82,4,832.15,1.99,62.41
878,1451,33,2,553.89,18.51,41.54
879,638,21,1,683.93,11.17,51.29
880,1194,80,2,538.78,5.0,40.41
881,1229,79,3,217.96,4.13,16.35
882,337,118,3,161.53,2.72,12.11
883,1496,57,2,148.94,8.49,11.17
884,195,69,4,479.33,2.71,35.95
885,1012,70,5,740.36,8.32,55.53
886,653,102,2,165.16,2.98,12.39
887,1299,67,2,536.34,13.14,40.23
888,7,48,2,306.89,15.7,23.02
889,905,76,2,655.08,10.99,49.13
890,979,100,2,605.3,13.6,45.4
891,566,33,4,553.89,18.77,41.54
892,616,36,1,518.21,12.77,38.87
893,573,33,5,553.89,7.28,41.54
894,599,31,1,239.51,8.99,17.96
895,770,21,2,683.93,17.21,51.29
896,1202,27,1,422.03,2.61,31.65
897,242,91,4,181.12,6.51,13.58
898,1227,72,3,511.89,11.55,38.39
899,1486,120,1,217.67,13.53,16.33
900,1104,101,5,484.82,15.27,36.36
901,1441,62,4,837.2,6.36,62.79
902,766,96,3,516.69,2.92,38.75
903,384,26,4,403.55,19.1,30.27
904,391,66,2,422.81,1.53,31.71
905,896,12,3,286.0,1.92,21.45
906,688,22,5,46.78,9.9,3.51
907,1150,17,3,185.26,16.39,13.89
908,47,7,5,172.14,15.49,12.91
909,1500,107,2,355.52,18.75,26.66
910,619,68,5,859.52,2.83,64.46
911,464,37,4,703.75,7.51,52.78
912,123,38,1,181.56,5.64,13.62
913,1498,96,4,516.69,17.22,38.75
914,134,11,4,399.71,9.77,29.98
915,841,1,3,772.96,0.54,57.97
916,849,25,2,336.2,14.16,25.22
917,607,42,1,316.8,7.77,23.76
918,23,52,5,399.73,10.62,29.98
919,566,24,3,605.08,17.88,45.38
920,766,53,2,86.1,5.13,6.46
921,965,107,1,355.52,4.81,26.66
922,235,56,4,374.37,5.26,28.08
923,996,63,2,590.23,6.76,44.27
924,1083,81,2,698.31,2.15,52.37
925,1188,8,2,166.49,13.94,12.49
926,826,59,4,532.71,4.15,39.95
927,216,45,5,45.28,18.52,3.4
928,1207,27,3,422.03,4.31,31.65
929,657,52,5,399.73,5.11,29.98
930,935,18,1,377.04,5.94,28.28
931,1114,91,3,181.12,15.37,13.58
932,311,86,1,221.25,8.55,16.59
933,557,16,4,251.26,16.39,18.84
934,972,66,5,422.81,15.7,31.71
935,257,5,2,604.61,18.59,45.35
936,533,82,3,832.15,15.13,62.41
937,52,3,2,455.48,1.04,34.16
938,1362,91,1,181.12,16.75,13.58
939,1195,118,2,161.53,18.76,12.11
940,1091,81,2,698.31,19.87,52.37
941,300,80,4,538.78,2.51,40.41
942,672,70,4,740.36,12.27,55.53
943,778,115,5,251.84,3.99,18.89
944,832,7,1,172.14,5.25,12.91
945,232,50,4,585.0,14.91,43.88
946,975,14,4,262.88,19.55,19.72
947,1092,38,5,181.56,11.9,13.62
948,28,104,3,343.22,17.01,25.74
949,1075,79,5,217.96,0.18,16.35
950,1284,111,2,281.16,0.73,21.09
951,591,47,2,512.89,11.93,38.47
952,785,112,4,45.61,7.78,3.42
953,620,33,4,553.89,17.8,41.54
954,586,43,5,186.64,6.04,14.0
955,1002,91,5,181.12,8.64,13.58
956,184,29,1,677.83,10.56,50.84
957,1047,57,2,148.94,5.46,11.17
958,129,101,5,484.82,18.17,36.36
959,291,5,3,604.61,9.29,45.35
960,501,93,1,372.93,8.48,27.97
961,186,96,5,516.69,17.0,38.75
962,479,60,4,85.64,6.24,6.42
963,492,117,5,61.89,16.35,4.64
964,513,70,4,740.36,2.45,55.53
965,1091,2,4,689.33,3.66,51.7
966,467,70,2,740.36,19.02,55.53
967,285,110,2,362.95,16.85,27.22
968,601,43,5,186.64,7.76,14.0
969,1441,4,5,701.58,12.77,52.62
970,1124,56,3,374.37,18.86,28.08
971,189,93,1,372.93,4.24,27.97
972,989,59,1,532.71,1.18,39.95
973,890,89,5,290.51,10.75,21.79
974,388,9,2,239.69,2.85,17.98
975,241,120,3,217.67,3.75,16.33
976,417,3,1,455.48,17.83,34.16
977,176,90,5,651.56,0.15,48.87
978,387,48,2,306.89,16.34,23.02
979,1495,43,2,186.64,10.34,14.0
980,853,91,2,181.12,11.19,13.58
981,1257,100,4,605.3,13.44,45.4
982,663,96,2,516.69,8.63,38.75
983,452,1,5,772.96,2.31,57.97
984,277,57,3,148.94,2.06,11.17
985,1253,53,5,86.1,15.09,6.46
986,1195,118,2,161.53,4.42,12.11
987,213,16,3,251.26,0.56,18.84
988,1306,51,1,452.19,19.59,33.91
989,41,112,1,45.61,19.61,3.42
990,1146,75,5,308.59,7.56,23.14
991,1251,90,3,651.56,0.51,48.87
992,294,104,5,343.22,14.55,25.74
993,600,55,3,437.47,16.62,32.81
994,1291,1,3,772.96,2.5,57.97
995,541,90,5,651.56,2.71,48.87
996,451,28,3,463.39,16.44,34.75
997,1473,53,2,86.1,18.44,6.46
998,1085,58,3,634.01,15.82,47.55
999,1171,73,3,381.52,4.01,28.61
1000,790,60,5,85.64,8.23,6.42
1001,334,59,1,532.71,12.02,39.95
1002,891,108,4,584.48,3.21,43.84
1003,1166,22,3,46.78,4.21,3.51
1004,44,8,4,166.49,5.66,12.49
1005,144,49,3,742.55,10.19,55.69
1006,333,42,5,316.8,10.22,23.76
1007,998,27,5,422.03,16.29,31.65
1008,1420,39,3,334.03,15.06,25.05
1009,55,83,5,202.33,18.27,15.17
1010,1331,25,5,336.2,16.66,25.22
1011,870,38,3,181.56,5.08,13.62
1012,1447,85,1,469.88,6.63,35.24
1013,1441,24,3,605.08,10.01,45.38
1014,797,24,1,605.08,0.29,45.38
1015,325,60,5,85.64,18.08,6.42
1016,80,83,1,202.33,0.89,15.17
1017,1055,50,5,585.0,6.45,43.88
1018,985,111,1,281.16,11.38,21.09
1019,1136,66,1,422.81,10.36,31.71
1020,558,14,3,262.88,13.09,19.72
1021,865,53,1,86.1,10.55,6.46
1022,717,32,5,460.46,4.58,34.53
1023,472,106,3,402.03,4.02,30.15
1024,74,96,1,516.69,18.14,38.75
1025,589,92,3,265.07,5.28,19.88
1026,1411,48,4,306.89,5.62,23.02
1027,564,39,3,334.03,8.26,25.05
1028,1457,40,4,392.71,2.79,29.45
1029,1436,42,4,316.8,10.15,23.76
1030,467,111,3,281.16,13.3,21.09
1031,599,104,5,343.22,15.72,25.74
1032,992,77,5,142.28,14.23,10.67
1033,737,76,5,655.08,2.95,49.13
1034,994,8,2,166.49,9.12,12.49
1035,248,79,4,217.96,0.77,16.35
1036,1144,26,3,403.55,0.36,30.27
1037,67,12,5,286.0,8.8,21.45
1038,573,43,5,186.64,5.06,14.0
1039,1351,51,3,452.19,13.67,33.91
1040,703,110,4,362.95,14.48,27.22
1041,470,91,3,181.12,17.91,13.58
1042,493,82,2,832.15,15.21,62.41
1043,663,109,2,818.5,0.96,61.39
1044,286,100,3,605.3,7.43,45.4
1045,312,63,4,590.23,5.46,44.27
1046,309,49,5,742.55,7.72,55.69
1047,775,115,2,251.84,3.2,18.89
1048,1121,27,2,422.03,1.95,31.65
1049,965,9,4,239.69,10.42,17.98
1050,1137,119,2,163.76,14.41,12.28
1051,456,39,2,334.03,14.04,25.05
1052,1487,65,4,433.0,9.02,32.48
1053,132,71,3,815.62,10.45,61.17
1054,930,90,5,651.56,10.33,48.87
1055,965,71,5,815.62,13.83,61.17
1056,929,116,2,561.71,0.96,42.13
1057,121,7,5,172.14,14.2,12.91
1058,1221,72,3,511.89,11.64,38.39
1059,634,80,2,538.78,3.96,40.41
1060,897,67,5,536.34,0.98,40.23
1061,772,109,1,818.5,2.17,61.39
1062,1063,10,1,40.78,10.49,3.06
1063,566,114,1,707.32,15.17,53.05
1064,512,71,1,815.62,6.69,61.17
1065,1498,85,1,469.88,7.58,35.24
1066,1185,53,2,86.1,18.68,6.46
1067,289,101,4,484.82,4.26,36.36
1068,200,95,4,311.68,2.07,23.38
1069,528,87,2,605.06,6.87,45.38
1070,917,57,2,148.94,14.92,11.17
1071,1272,91,3,181.12,12.52,13.58
1072,1407,120,4,217.67,8.32,16.33
1073,1242,86,1,221.25,19.3,16.59
1074,1111,103,2,326.63,14.7,24.5
1075,1106,27,1,422.03,1.24,31.65
1076,1086,54,4,94.38,14.89,7.08
1077,799,113,5,836.2,0.48,62.72
1078,1066,4,5,701.58,13.01,52.62
1079,12,88,2,383.94,4.21,28.8
1080,833,23,3,290.66,13.93,21.8
1081,841,48,1,306.89,6.2,23.02
1082,643,83,2,202.33,17.46,15.17
1083,1139,42,3,316.8,6.74,23.76
1084,1242,3,1,455.48,12.39,34.16
1085,106,91,4,181.12,5.72,13.58
1086,691,3,5,455.48,18.34,34.16
1087,528,28,3,463.39,15.62,34.75
1088,1496,63,1,590.23,4.87,44.27
1089,846,81,2,698.31,18.98,52.37
1090,893,31,1,239.51,7.14,17.96
1091,387,10,2,40.78,13.04,3.06
1092,1250,49,5,742.55,14.86,55.69
1093,481,86,5,221.25,0.46,16.59
1094,408,94,1,234.67,19.18,17.6
1095,1481,113,1,836.2,6.89,62.72
1096,898,21,2,683.93,3.8,51.29
1097,711,100,2,605.3,17.01,45.4
1098,639,53,3,86.1,14.06,6.46
1099,1045,87,3,605.06,1.73,45.38
1100,815,102,3,165.16,2.34,12.39
1101,918,76,1,655.08,14.3,49.13
1102,203,89,3,290.51,1.5,21.79
1103,417,54,1,94.38,18.34,7.08
1104,416,57,5,148.94,14.83,11.17
1105,1472,20,4,245.69,6.71,18.43
1106,85,113,5,836.2,7.26,62.72
1107,167,49,1,742.55,10.13,55.69
1108,384,106,1,402.03,7.22,30.15
1109,468,7,4,172.14,15.67,12.91
1110,1096,29,2,677.83,19.49,50.84
1111,810,48,2,306.89,11.69,23.02
1112,997,93,2,372.93,8.92,27.97
1113,473,13,3,477.47,4.46,35.81
1114,993,3,2,455.48,13.07,34.16
1115,1282,2,3,689.33,13.71,51.7
1116,275,16,3,251.26,13.7,18.84
1117,1044,94,2,234.67,0.54,17.6
1118,490,102,2,165.16,17.98,12.39
1119,326,6,4,207.99,6.76,15.6
1120,529,45,4,45.28,14.88,3.4
1121,892,71,3,815.62,15.2,61.17
1122,89,5,4,604.61,13.01,45.35
1123,486,56,3,374.37,7.9,28.08
1124,708,71,1,815.62,12.17,61.17
1125,350,98,3,462.99,0.8,34.72
1126,1108,32,3,460.46,15.24,34.53
1127,387,49,4,742.55,1.99,55.69
1128,87,13,1,477.47,7.94,35.81
1129,307,30,5,87.96,2.07,6.6
1130,1178,25,5,336.2,16.74,25.22
1131,440,85,5,469.88,11.01,35.24
1132,740,60,1,85.64,13.82,6.42
1133,264,59,2,532.71,13.65,39.95
1134,977,85,1,469.88,16.83,35.24
1135,735,28,4,463.39,2.65,34.75
1136,421,112,3,45.61,13.19,3.42
1137,493,58,3,634.01,11.5,47.55
1138,633,20,4,245.69,0.62,18.43
1139,993,34,4,416.11,4.03,31.21
1140,411,5,3,604.61,5.35,45.35
1141,173,82,2,832.15,1.45,62.41
1142,4,60,2,85.64,7.09,6.42
1143,854,103,2,326.63,0.54,24.5
1144,986,43,4,186.64,11.06,14.0
1145,1496,57,3,148.94,4.23,11.17
1146,1134,57,3,148.94,5.74,11.17
1147,1061,75,3,308.59,18.21,23.14
1148,583,54,1,94.38,10.06,7.08
1149,1055,81,1,698.31,5.38,52.37
1150,381,112,5,45.61,11.97,3.42
1151,1292,45,1,45.28,4.03,3.4
1152,1035,86,2,221.25,1.49,16.59
1153,344,37,2,703.75,0.42,52.78
1154,166,84,2,740.13,19.03,55.51
1155,700,48,2,306.89,14.49,23.02
1156,342,118,5,161.53,16.0,12.11
1157,1043,54,2,94.38,19.62,7.08
1158,980,48,4,306.89,18.63,23.02
1159,1208,112,4,45.61,14.74,3.42
1160,545,110,4,362.95,13.88,27.22
1161,1034,6,1,207.99,6.74,15.6
1162,192,34,3,416.11,2.08,31.21
1163,320,63,5,590.23,11.47,44.27
1164,580,78,4,426.17,11.53,31.96
1165,475,48,4,306.89,19.04,23.02
1166,637,23,2,290.66,8.85,21.8
1167,427,84,4,740.13,13.82,55.51
1168,1083,13,2,477.47,11.5,35.81
1169,1460,47,2,512.89,3.54,38.47
1170,97,44,3,69.47,11.84,5.21
1171,496,105,1,78.61,10.8,5.9
1172,661,32,2,460.46,9.88,34.53
1173,1302,26,2,403.55,10.27,30.27
1174,1289,114,3,707.32,3.28,53.05
1175,9,53,2,86.1,9.27,6.46
1176,457,14,5,262.88,12.11,19.72
1177,273,52,1,399.73,9.79,29.98
1178,940,36,5,518.21,9.77,38.87
1179,1032,8,4,166.49,1.55,12.49
1180,208,40,1,392.71,3.82,29.45
1181,1147,86,4,221.25,6.42,16.59
1182,1057,22,2,46.78,8.39,3.51
1183,204,16,3,251.26,11.88,18.84
1184,518,91,5,181.12,17.27,13.58
1185,517,120,4,217.67,3.18,16.33
1186,443,60,2,85.64,0.3,6.42
1187,689,60,5,85.64,8.98,6.42
1188,850,10,5,40.78,8.64,3.06
1189,833,25,4,336.2,11.04,25.22
1190,339,31,2,239.51,16.66,17.96
1191,1462,21,3,683.93,16.05,51.29
1192,1469,91,4,181.12,2.0,13.58
1193,1160,81,5,698.31,18.68,52.37
1194,387,33,5,553.89,2.21,41.54
1195,1049,31,1,239.51,12.69,17.96
1196,506,114,2,707.32,13.45,53.05
1197,1349,106,1,402.03,13.6,30.15
1198,680,90,3,651.56,5.31,48.87
1199,1362,21,4,683.93,6.61,51.29
1200,690,36,5,518.21,10.97,38.87
1201,885,65,2,433.0,3.99,32.48
1202,1119,4,5,701.58,0.41,52.62
1203,623,68,1,859.52,11.24,64.46
1204,1170,90,1,651.56,9.31,48.87
1205,893,4,4,701.58,13.13,52.62
1206,953,113,2,836.2,2.93,62.72
1207,1255,9,2,239.69,16.82,17.98
1208,784,30,4,87.96,2.92,6.6
1209,495,115,1,251.84,17.83,18.89
1210,1062,45,1,45.28,8.99,3.4
1211,1449,4,1,701.58,11.0,52.62
1212,747,69,5,479.33,17.93,35.95
1213,437,109,3,818.5,6.0,61.39
1214,1392,23,1,290.66,3.64,21.8
1215,345,16,3,251.26,8.92,18.84
1216,1184,22,3,46.78,4.89,3.51
1217,550,101,2,484.82,10.56,36.36
1218,820,72,4,511.89,5.51,38.39
1219,541,48,5,306.89,17.29,23.02
1220,144,62,3,837.2,12.15,62.79
1221,588,97,5,644.19,0.0,48.31
1222,657,119,2,163.76,16.11,12.28
1223,345,60,1,85.64,6.6,6.42
1224,1293,102,3,165.16,6.4,12.39
1225,696,107,4,355.52,7.66,26.66
1226,268,80,2,538.78,12.61,40.41
1227,169,5,5,604.61,8.84,45.35
1228,33,80,1,538.78,12.57,40.41
1229,377,7,5,172.14,2.94,12.91
1230,1238,51,4,452.19,19.4,33.91
1231,1464,65,3,433.0,14.59,32.48
1232,393,9,4,239.69,5.0,17.98
1233,489,82,5,832.15,14.48,62.41
1234,722,45,5,45.28,11.5,3.4
1235,946,47,4,512.89,2.18,38.47
1236,1053,67,4,536.34,3.56,40.23
1237,39,24,4,605.08,0.83,45.38
1238,1197,92,1,265.07,16.18,19.88
1239,1041,10,5,40.78,11.03,3.06
1240,1080,73,2,381.52,6.33,28.61
1241,226,77,1,142.28,2.53,10.67
1242,67,48,1,306.89,9.68,23.02
1243,1221,35,1,219.96,10.51,16.5
1244,835,54,2,94.38,14.04,7.08
1245,1047,87,4,605.06,19.4,45.38
1246,999,111,5,281.16,8.7,21.09
1247,237,81,3,698.31,8.12,52.37
1248,957,110,3,362.95,7.4,27.22
1249,919,71,5,815.62,16.54,61.17
1250,1162,116,2,561.71,3.13,42.13
1251,473,16,3,251.26,6.88,18.84
1252,553,53,1,86.1,14.5,6.46
1253,695,40,3,392.71,0.31,29.45
1254,1253,100,5,605.3,5.79,45.4
1255,317,20,1,245.69,12.83,18.43
1256,598,88,3,383.94,3.72,28.8
1257,768,111,5,281.16,6.05,21.09
1258,886,69,2,479.33,9.72,35.95
1259,561,45,5,45.28,8.44,3.4
1260,1225,6,2,207.99,2.12,15.6
1261,258,92,1,265.07,18.76,19.88
1262,1202,69,5,479.33,0.89,35.95
1263,757,49,4,742.55,14.99,55.69
1264,123,39,4,334.03,1.43,25.05
1265,342,102,4,165.16,9.35,12.39
1266,1195,2,4,689.33,3.51,51.7
1267,1083,107,4,355.52,2.82,26.66
1268,1489,39,2,334.03,2.52,25.05
1269,260,118,5,161.53,9.06,12.11
1270,1397,21,1,683.93,10.31,51.29
1271,95,40,4,392.71,2.67,29.45
1272,1149,101,4,484.82,19.59,36.36
1273,41,82,1,832.15,5.16,62.41
1274,254,54,1,94.38,9.18,7.08
1275,7,112,4,45.61,4.33,3.42
1276,1495,110,2,362.95,9.88,27.22
1277,728,12,1,286.0,15.12,21.45
1278,69,81,5,698.31,10.42,52.37
1279,1105,37,5,703.75,5.71,52.78
1280,542,110,2,362.95,4.97,27.22
1281,1286,38,3,181.56,15.18,13.62
1282,89,15,2,464.2,2.36,34.82
1283,1232,7,4,172.14,7.4,12.91
1284,213,78,3,426.17,3.03,31.96
1285,834,50,4,585.0,5.16,43.88
1286,266,65,5,433.0,3.05,32.48
1287,912,102,1,165.16,17.74,12.39
1288,293,67,4,536.34,14.64,40.23
1289,1231,101,5,484.82,11.22,36.36
1290,333,44,2,69.47,4.49,5.21
1291,1101,31,4,239.51,10.2,17.96
1292,1312,43,5,186.64,10.42,14.0
1293,1005,77,1,142.28,11.81,10.67
1294,47,48,4,306.89,1.2,23.02
1295,622,82,5,832.15,19.46,62.41
1296,1224,81,4,698.31,9.31,52.37
1297,427,81,1,698.31,18.53,52.37
1298,210,61,4,843.13,0.2,63.23
1299,888,75,4,308.59,4.95,23.14
1300,1444,84,5,740.13,2.08,55.51
1301,154,10,3,40.78,15.39,3.06
1302,415,29,4,677.83,6.4,50.84
1303,1377,48,3,306.89,16.81,23.02
1304,1181,98,2,462.99,16.65,34.72
1305,1285,81,4,698.31,13.36,52.37
1306,1101,118,3,161.53,13.32,12.11
1307,769,62,2,837.2,14.0,62.79
1308,983,116,5,561.71,13.48,42.13
1309,1155,106,4,402.03,7.74,30.15
1310,579,13,5,477.47,13.66,35.81
1311,1479,44,2,69.47,17.95,5.21
1312,740,47,5,512.89,6.65,38.47
1313,163,103,5,326.63,18.9,24.5
1314,1039,64,1,50.52,0.27,3.79
1315,1256,91,2,181.12,6.98,13.58
1316,195,118,5,161.53,2.64,12.11
1317,542,53,3,86.1,2.53,6.46
1318,359,90,2,651.56,16.31,48.87
1319,850,92,1,265.07,18.37,19.88
1320,1355,77,4,142.28,15.56,10.67
1321,427,76,5,655.08,19.53,49.13
1322,497,44,3,69.47,4.33,5.21
1323,828,28,1,463.39,2.82,34.75
1324,486,2,2,689.33,10.41,51.7
1325,1473,101,5,484.82,16.58,36.36
1326,1437,57,1,148.94,0.8,11.17
1327,330,57,1,148.94,19.91,11.17
1328,889,34,3,416.11,12.04,31.21
1329,991,87,4,605.06,19.58,45.38
1330,1171,58,4,634.01,7.3,47.55
1331,259,52,4,399.73,9.16,29.98
1332,292,109,2,818.5,15.05,61.39
1333,143,29,1,677.83,15.85,50.84
1334,747,35,2,219.96,4.66,16.5
1335,627,75,1,308.59,18.6,23.14
1336,1389,48,3,306.89,17.35,23.02
1337,90,33,3,553.89,0.36,41.54
1338,720,115,2,251.84,2.57,18.89
1339,1188,75,2,308.59,9.92,23.14
1340,481,73,3,381.52,9.22,28.61
1341,84,78,5,426.17,14.17,31.96
1342,1101,9,4,239.69,1.79,17.98
1343,673,103,4,326.63,12.9,24.5
1344,517,48,3,306.89,12.33,23.02
1345,485,67,4,536.34,4.67,40.23
1346,782,93,5,372.93,10.85,27.97
1347,104,83,5,202.33,4.44,15.17
1348,1476,36,1,518.21,2.94,38.87
1349,339,96,2,516.69,11.46,38.75
1350,687,71,4,815.62,19.55,61.17
1351,900,119,5,163.76,4.74,12.28
1352,607,92,2,265.07,7.11,19.88
1353,223,44,2,69.47,5.13,5.21
1354,1033,82,1,832.15,5.33,62.41
1355,1077,60,2,85.64,8.08,6.42
1356,1101,63,2,590.23,14.04,44.27
1357,503,5,3,604.61,0.78,45.35
1358,1340,87,1,605.06,19.14,45.38
1359,822,119,1,163.76,0.93,12.28
1360,624,86,4,221.25,17.63,16.59
1361,165,90,2,651.56,17.89,48.87
1362,1303,106,4,402.03,10.49,30.15
1363,1051,76,5,655.08,2.74,49.13
1364,1094,40,2,392.71,11.3,29.45
1365,1242,19,5,410.42,12.57,30.78
1366,1389,47,3,512.89,17.16,38.47
1367,1330,65,2,433.0,11.02,32.48
1368,1148,67,4,536.34,8.21,40.23
1369,19,91,4,181.12,16.77,13.58
1370,1281,18,2,377.04,19.62,28.28
1371,1320,50,4,585.0,12.9,43.88
1372,1046,30,2,87.96,17.49,6.6
1373,989,66,1,422.81,11.97,31.71
1374,450,5,4,604.61,13.8,45.35
1375,552,93,2,372.93,13.76,27.97
1376,1072,97,2,644.19,14.1,48.31
1377,695,42,4,316.8,6.42,23.76
1378,587,84,1,740.13,11.51,55.51
1379,721,94,4,234.67,11.88,17.6
1380,1207,106,2,402.03,6.3,30.15
1381,1459,5,1,604.61,7.0,45.35
1382,107,50,5,585.0,15.24,43.88
1383,1212,85,3,469.88,11.65,35.24
1384,776,58,4,634.01,2.98,47.55
1385,1110,79,2,217.96,16.75,16.35
1386,1480,84,1,740.13,17.66,55.51
1387,1161,8,1,166.49,9.32,12.49
1388,898,113,5,836.2,4.18,62.72
1389,336,31,4,239.51,18.95,17.96
1390,607,12,1,286.0,17.65,21.45
1391,838,21,5,683.93,4.89,51.29
1392,1493,94,2,234.67,1.91,17.6
1393,602,62,5,837.2,8.81,62.79
1394,403,91,4,181.12,13.53,13.58
1395,540,108,5,584.48,3.51,43.84
1396,1096,90,1,651.56,10.26,48.87
1397,24,33,1,553.89,8.51,41.54
1398,624,26,3,403.55,17.81,30.27
1399,1080,90,5,651.56,8.59,48.87
1400,986,100,2,605.3,10.68,45.4
1401,223,40,4,392.71,19.11,29.45
1402,179,65,3,433.0,5.99,32.48
1403,800,59,5,532.71,5.78,39.95
1404,434,15,2,464.2,15.99,34.82
1405,1474,114,3,707.32,5.55,53.05
1406,793,1,1,772.96,16.64,57.97
1407,884,11,4,399.71,1.91,29.98
1408,492,55,5,437.47,2.23,32.81
1409,1213,2,2,689.33,18.03,51.7
1410,810,65,1,433.0,10.82,32.48
1411,961,95,3,311.68,14.38,23.38
1412,420,44,4,69.47,4.51,5.21
1413,1273,16,3,251.26,3.33,18.84
1414,649,118,3,161.53,16.7,12.11
1415,1188,22,2,46.78,7.17,3.51
1416,1279,106,1,402.03,9.1,30.15
1417,476,18,5,377.04,0.56,28.28
1418,1441,47,2,512.89,7.72,38.47
1419,170,81,4,698.31,15.41,52.37
1420,1341,30,3,87.96,16.43,6.6
1421,174,10,4,40.78,13.98,3.06
1422,470,99,2,489.36,13.84,36.7
1423,345,58,2,634.01,10.12,47.55
1424,445,62,5,837.2,10.77,62.79
1425,1042,85,3,469.88,14.85,35.24
1426,1094,80,2,538.78,4.95,40.41
1427,1362,6,4,207.99,4.63,15.6
1428,628,67,5,536.34,19.0,40.23
1429,592,41,4,448.83,0.55,33.66
1430,527,43,3,186.64,2.79,14.0
1431,456,85,5,469.88,11.41,35.24
1432,1293,77,5,142.28,14.76,10.67
1433,811,18,5,377.04,10.76,28.28
1434,188,58,1,634.01,7.1,47.55
1435,1021,118,5,161.53,19.56,12.11
1436,711,60,4,85.64,14.08,6.42
1437,529,88,4,383.94,16.63,28.8
1438,434,27,3,422.03,0.8,31.65
1439,288,118,2,161.53,4.72,12.11
1440,499,68,2,859.52,7.48,64.46
1441,1465,22,1,46.78,3.65,3.51
1442,303,24,5,605.08,1.46,45.38
1443,87,40,1,392.71,4.5,29.45
1444,830,109,3,818.5,10.67,61.39
1445,438,74,3,189.6,13.91,14.22
1446,541,66,2,422.81,15.48,31.71
1447,1046,40,3,392.71,0.86,29.45
1448,833,6,5,207.99,8.56,15.6
1449,797,112,4,45.61,2.44,3.42
1450,560,18,3,377.04,8.62,28.28
1451,762,81,1,698.31,8.68,52.37
1452,467,102,5,165.16,9.96,12.39
1453,1125,109,3,818.5,17.86,61.39
1454,675,87,3,605.06,16.1,45.38
1455,685,110,5,362.95,12.73,27.22
1456,1165,30,3,87.96,17.71,6.6
1457,138,21,4,683.93,13.57,51.29
1458,578,62,2,837.2,16.38,62.79
1459,710,10,5,40.78,11.28,3.06
1460,228,120,1,217.67,10.5,16.33
1461,281,107,3,355.52,14.48,26.66
1462,684,13,2,477.47,0.39,35.81
1463,828,76,1,655.08,13.81,49.13
1464,431,9,1,239.69,18.69,17.98
1465,1064,68,4,859.52,14.28,64.46
1466,1235,39,2,334.03,0.74,25.05
1467,302,24,5,605.08,7.56,45.38
1468,1110,118,2,161.53,16.19,12.11
1469,1421,34,2,416.11,19.17,31.21
1470,1277,103,1,326.63,7.4,24.5
1471,533,61,4,843.13,16.82,63.23
1472,769,41,4,448.83,17.28,33.66
1473,1405,5,2,604.61,2.47,45.35
1474,444,79,2,217.96,16.92,16.35
1475,1057,50,3,585.0,6.48,43.88
1476,260,4,1,701.58,11.86,52.62
1477,1258,51,5,452.19,10.78,33.91
1478,1332,52,5,399.73,13.26,29.98
1479,739,39,4,334.03,14.81,25.05
1480,796,8,1,166.49,8.82,12.49
1481,70,113,4,836.2,17.77,62.72
1482,1478,45,5,45.28,16.19,3.4
1483,1463,88,2,383.94,15.71,28.8
1484,1388,117,1,61.89,9.16,4.64
1485,983,28,1,463.39,0.75,34.75
1486,481,119,3,163.76,9.85,12.28
1487,1168,107,2,355.52,17.97,26.66
1488,24,27,2,422.03,3.81,31.65
1489,965,65,4,433.0,19.65,32.48
1490,1449,34,1,416.11,16.15,31.21
1491,746,81,4,698.31,14.2,52.37
1492,845,101,2,484.82,13.54,36.36
1493,1199,62,3,837.2,11.74,62.79
1494,325,62,1,837.2,14.41,62.79
1495,1372,38,2,181.56,8.44,13.62
1496,798,26,3,403.55,16.91,30.27
1497,18,24,5,605.08,13.93,45.38
1498,44,39,2,334.03,15.43,25.05
1499,155,21,5,683.93,15.85,51.29
1500,867,94,4,234.67,1.84,17.6
1501,922,47,5,512.89,1.11,38.47
1502,1401,115,2,251.84,16.02,18.89
1503,743,48,5,306.89,5.19,23.02
1504,1426,13,1,477.47,11.64,35.81
1505,225,101,2,484.82,8.87,36.36
1506,217,3,3,455.48,0.44,34.16
1507,31,32,5,460.46,0.81,34.53
1508,1083,35,1,219.96,16.54,16.5
1509,898,19,4,410.42,12.15,30.78
1510,1377,14,4,262.88,10.48,19.72
1511,935,48,5,306.89,18.89,23.02
1512,445,86,4,221.25,3.46,16.59
1513,1259,81,3,698.31,5.16,52.37
1514,1131,68,2,859.52,15.13,64.46
1515,1215,45,1,45.28,15.5,3.4
1516,530,104,5,343.22,8.1,25.74
1517,738,19,4,410.42,19.02,30.78
1518,874,64,2,50.52,18.77,3.79
1519,566,101,3,484.82,0.25,36.36
1520,1269,66,4,422.81,3.45,31.71
1521,76,79,4,217.96,16.4,16.35
1522,547,66,1,422.81,6.7,31.71
1523,267,75,3,308.59,1.91,23.14
1524,317,45,3,45.28,15.7,3.4
1525,1145,87,5,605.06,9.09,45.38
1526,25,74,1,189.6,9.85,14.22
1527,1456,67,5,536.34,3.73,40.23
1528,160,69,1,479.33,13.22,35.95
1529,596,3,3,455.48,11.02,34.16
1530,1138,38,1,181.56,4.13,13.62
1531,900,77,1,142.28,6.81,10.67
1532,502,42,1,316.8,11.94,23.76
1533,1190,83,2,202.33,18.5,15.17
1534,1013,40,2,392.71,18.41,29.45
1535,703,50,3,585.0,5.76,43.88
1536,1199,35,1,219.96,14.71,16.5
1537,1,24,3,605.08,15.51,45.38
1538,741,88,2,383.94,16.18,28.8
1539,1110,17,1,185.26,11.42,13.89
1540,320,40,5,392.71,0.21,29.45
1541,1425,74,2,189.6,15.23,14.22
1542,382,66,2,422.81,2.13,31.71
1543,1342,44,2,69.47,2.34,5.21
1544,1274,23,1,290.66,12.11,21.8
1545,898,6,4,207.99,19.67,15.6
1546,717,66,5,422.81,4.85,31.71
1547,1280,21,5,683.93,12.92,51.29
1548,307,119,3,163.76,6.07,12.28
1549,1168,120,1,217.67,17.97,16.33
1550,391,35,2,219.96,11.87,16.5
1551,1193,113,4,836.2,4.15,62.72
1552,990,29,1,677.83,5.24,50.84
1553,298,7,1,172.14,8.65,12.91
1554,233,93,4,372.93,2.44,27.97
1555,271,53,2,86.1,1.57,6.46
1556,1084,37,1,703.75,13.6,52.78
1557,1320,23,5,290.66,8.14,21.8
1558,1491,97,5,644.19,14.52,48.31
1559,1259,8,4,166.49,2.2,12.49
1560,677,76,2,655.08,12.2,49.13
1561,706,110,4,362.95,8.87,27.22
1562,234,48,1,306.89,1.16,23.02
1563,1392,10,5,40.78,10.9,3.06
1564,845,79,3,217.96,1.66,16.35
1565,1256,117,4,61.89,16.55,4.64
1566,491,24,3,605.08,12.64,45.38
1567,503,90,3,651.56,11.14,48.87
1568,890,47,5,512.89,2.67,38.47
1569,592,106,4,402.03,5.75,30.15
1570,746,53,3,86.1,9.86,6.46
1571,1405,39,1,334.03,12.67,25.05
1572,428,67,2,536.34,3.66,40.23
1573,697,66,2,422.81,0.18,31.71
1574,646,6,5,207.99,6.9,15.6
1575,732,21,4,683.93,9.66,51.29
1576,800,73,4,381.52,3.69,28.61
1577,364,74,2,189.6,9.84,14.22
1578,202,36,1,518.21,6.77,38.87
1579,882,3,2,455.48,9.1,34.16
1580,146,105,2,78.61,6.95,5.9
1581,836,88,4,383.94,12.57,28.8
1582,639,86,3,221.25,0.86,16.59
1583,1481,113,1,836.2,3.42,62.72
1584,135,78,4,426.17,8.66,31.96
1585,626,42,2,316.8,7.13,23.76
1586,1288,45,3,45.28,7.83,3.4
1587,64,44,1,69.47,16.08,5.21
1588,491,91,5,181.12,17.73,13.58
1589,41,33,1,553.89,4.97,41.54
1590,1320,60,1,85.64,16.73,6.42
1591,1027,86,2,221.25,9.18,16.59
1592,913,93,2,372.93,5.48,27.97
1593,975,83,5,202.33,19.71,15.17
1594,1134,83,5,202.33,16.5,15.17
1595,1245,70,5,740.36,19.89,55.53
1596,1394,109,4,818.5,3.36,61.39
1597,368,83,4,202.33,2.88,15.17
1598,1460,77,2,142.28,10.07,10.67
1599,918,26,2,403.55,12.77,30.27
1600,1028,86,5,221.25,3.42,16.59
1601,244,21,4,683.93,17.21,51.29
1602,902,100,3,605.3,10.64,45.4
1603,166,120,4,217.67,8.22,16.33
1604,1050,2,2,689.33,12.04,51.7
1605,1419,47,4,512.89,12.7,38.47
1606,1498,108,2,584.48,0.86,43.84
1607,1041,30,5,87.96,20.0,6.6
1608,728,27,5,422.03,7.28,31.65
1609,1116,71,5,815.62,1.23,61.17
1610,483,20,3,245.69,17.05,18.43
1611,543,50,3,585.0,19.86,43.88
1612,1229,95,2,311.68,16.33,23.38
1613,931,23,1,290.66,17.04,21.8
1614,400,13,3,477.47,12.52,35.81
1615,1231,81,2,698.31,18.45,52.37
1616,619,4,4,701.58,0.71,52.62
1617,1170,14,5,262.88,15.33,19.72
1618,879,20,5,245.69,13.41,18.43
1619,101,13,5,477.47,0.99,35.81
1620,880,3,2,455.48,10.88,34.16
1621,830,90,5,651.56,10.3,48.87
1622,1265,90,3,651.56,13.83,48.87
1623,759,82,4,832.15,1.55,62.41
1624,163,96,5,516.69,16.11,38.75
1625,1197,78,2,426.17,2.79,31.96
1626,502,47,4,512.89,8.37,38.47
1627,547,3,5,455.48,17.63,34.16
1628,1308,1,1,772.96,11.21,57.97
1629,1383,90,5,651.56,7.59,48.87
1630,381,24,3,605.08,0.96,45.38
1631,870,113,4,836.2,13.45,62.72
1632,905,35,3,219.96,19.73,16.5
1633,1187,14,1,262.88,18.24,19.72
1634,1002,67,1,536.34,14.35,40.23
1635,609,13,3,477.47,2.11,35.81
1636,307,47,4,512.89,4.79,38.47
1637,1363,50,1,585.0,3.74,43.88
1638,55,78,1,426.17,7.11,31.96
1639,983,85,5,469.88,4.71,35.24
1640,333,26,2,403.55,4.89,30.27
1641,127,3,1,455.48,12.33,34.16
1642,705,51,4,452.19,6.37,33.91
1643,243,40,4,392.71,13.54,29.45
1644,600,68,5,859.52,18.96,64.46
1645,1433,36,4,518.21,12.77,38.87
1646,503,51,5,452.19,15.03,33.91
1647,604,107,1,355.52,15.03,26.66
1648,303,1,1,772.96,6.61,57.97
1649,1488,104,1,343.22,0.3,25.74
1650,235,111,1,281.16,1.1,21.09
1651,1062,33,2,553.89,5.64,41.54
1652,139,7,2,172.14,13.79,12.91
1653,195,117,1,61.89,18.13,4.64
1654,647,116,4,561.71,19.18,42.13
1655,1,52,5,399.73,0.52,29.98
1656,561,120,3,217.67,19.8,16.33
1657,1120,11,5,399.71,6.45,29.98
1658,713,27,3,422.03,16.86,31.65
1659,413,14,3,262.88,3.61,19.72
1660,538,86,1,221.25,1.26,16.59
1661,429,80,3,538.78,7.57,40.41
1662,235,46,1,556.56,17.18,41.74
1663,349,76,2,655.08,4.42,49.13
1664,396,113,4,836.2,3.08,62.72
1665,1375,110,3,362.95,18.2,27.22
1666,416,10,4,40.78,18.77,3.06
1667,916,24,1,605.08,0.25,45.38
1668,1075,61,3,843.13,14.55,63.23
1669,81,110,5,362.95,6.18,27.22
1670,36,18,2,377.04,7.49,28.28
1671,1091,86,2,221.25,9.38,16.59
1672,641,9,3,239.69,8.54,17.98
1673,882,17,2,185.26,10.3,13.89
1674,757,102,5,165.16,11.65,12.39
1675,623,104,4,343.22,9.31,25.74
1676,468,58,5,634.01,14.03,47.55
1677,1166,13,2,477.47,14.37,35.81
1678,356,50,4,585.0,8.81,43.88
1679,709,101,5,484.82,2.85,36.36
1680,1495,6,1,207.99,12.81,15.6
1681,1020,85,1,469.88,15.46,35.24
1682,902,51,4,452.19,12.76,33.91
1683,673,36,4,518.21,11.76,38.87
1684,439,71,4,815.62,4.59,61.17
1685,531,100,1,605.3,12.9,45.4
1686,127,25,5,336.2,6.7,25.22
1687,205,11,4,399.71,18.39,29.98
1688,29,44,1,69.47,13.07,5.21
1689,445,14,4,262.88,5.56,19.72
1690,966,109,4,818.5,9.46,61.39
1691,464,29,4,677.83,16.93,50.84
1692,1304,74,1,189.6,6.71,14.22
1693,151,50,5,585.0,10.51,43.88
1694,240,112,1,45.61,13.59,3.42
1695,266,5,1,604.61,15.09,45.35
1696,1129,72,4,511.89,3.48,38.39
1697,1457,110,3,362.95,11.3,27.22
1698,913,69,3,479.33,18.24,35.95
1699,497,88,3,383.94,19.37,28.8
1700,1464,104,1,343.22,13.12,25.74
1701,685,57,4,148.94,19.67,11.17
1702,158,26,3,403.55,11.41,30.27
1703,172,6,2,207.99,8.85,15.6
1704,494,16,2,251.26,11.03,18.84
1705,970,60,2,85.64,2.31,6.42
1706,1335,100,5,605.3,8.03,45.4
1707,1427,12,4,286.0,9.17,21.45
1708,676,75,1,308.59,16.97,23.14
1709,659,3,1,455.48,15.17,34.16
1710,903,63,4,590.23,12.03,44.27
1711,666,108,5,584.48,6.95,43.84
1712,1487,64,4,50.52,3.74,3.79
1713,367,62,5,837.2,6.96,62.79
1714,550,101,3,484.82,13.6,36.36
1715,643,6,3,207.99,5.26,15.6
1716,255,19,5,410.42,8.54,30.78
1717,208,18,4,377.04,7.74,28.28
1718,450,80,3,538.78,15.31,40.41
1719,95,87,4,605.06,17.68,45.38
1720,839,43,3,186.64,13.99,14.0
1721,478,101,4,484.82,6.83,36.36
1722,683,73,4,381.52,8.66,28.61
1723,762,3,2,455.48,2.87,34.16
1724,190,72,5,511.89,3.36,38.39
1725,711,38,1,181.56,3.29,13.62
1726,756,68,5,859.52,2.61,64.46
1727,1447,76,4,655.08,3.59,49.13
1728,836,44,4,69.47,4.05,5.21
1729,133,95,5,311.68,2.24,23.38
1730,55,89,4,290.51,12.81,21.79
1731,510,117,3,61.89,19.81,4.64
1732,670,80,4,538.78,17.58,40.41
1733,410,63,5,590.23,0.91,44.27
1734,1235,42,5,316.8,8.46,23.76
1735,1317,64,5,50.52,17.19,3.79
1736,987,54,2,94.38,2.69,7.08
1737,734,78,2,426.17,16.95,31.96
1738,1139,77,2,142.28,11.85,10.67
1739,259,105,2,78.61,18.63,5.9
1740,1146,71,2,815.62,17.52,61.17
1741,299,76,2,655.08,13.54,49.13
1742,1405,37,2,703.75,13.16,52.78
1743,561,114,5,707.32,4.26,53.05
1744,297,4,1,701.58,2.34,52.62
1745,362,2,2,689.33,8.31,51.7
1746,589,99,5,489.36,3.73,36.7
1747,1487,44,1,69.47,2.05,5.21
1748,1462,67,2,536.34,6.05,40.23
1749,127,68,1,859.52,17.21,64.46
1750,197,102,1,165.16,0.34,12.39
1751,221,76,3,655.08,5.85,49.13
1752,995,83,4,202.33,8.48,15.17
1753,91,74,3,189.6,10.21,14.22
1754,411,62,1,837.2,3.63,62.79
1755,8,1,5,772.96,19.28,57.97
1756,544,17,2,185.26,11.58,13.89
1757,468,16,4,251.26,10.44,18.84
1758,320,9,2,239.69,0.18,17.98
1759,1418,53,5,86.1,9.71,6.46
1760,269,73,4,381.52,16.75,28.61
1761,1215,59,3,532.71,4.39,39.95
1762,61,119,1,163.76,7.02,12.28
1763,1462,9,5,239.69,0.41,17.98
1764,1288,12,1,286.0,19.54,21.45
1765,797,119,1,163.76,1.33,12.28
1766,1119,41,2,448.83,17.96,33.66
1767,553,15,5,464.2,6.26,34.82
1768,926,66,1,422.81,11.75,31.71
1769,1494,75,3,308.59,13.59,23.14
1770,661,11,4,399.71,2.82,29.98
1771,716,8,5,166.49,8.88,12.49
1772,779,55,2,437.47,6.51,32.81
1773,194,96,5,516.69,1.13,38.75
1774,482,6,2,207.99,16.66,15.6
1775,1360,53,4,86.1,0.9,6.46
1776,1459,20,3,245.69,13.07,18.43
1777,1220,39,1,334.03,6.28,25.05
1778,855,99,5,489.36,3.84,36.7
1779,1273,72,2,511.89,13.34,38.39
1780,498,114,4,707.32,11.49,53.05
1781,212,113,1,836.2,6.31,62.72
1782,665,107,4,355.52,10.26,26.66
1783,670,34,3,416.11,4.92,31.21
1784,1490,57,1,148.94,17.27,11.17
1785,221,117,1,61.89,6.28,4.64
1786,273,120,1,217.67,4.9,16.33
1787,1178,19,2,410.42,15.04,30.78
1788,1273,71,1,815.62,0.35,61.17
1789,279,31,4,239.51,5.36,17.96
1790,1464,82,2,832.15,7.51,62.41
1791,816,40,1,392.71,17.64,29.45
1792,276,14,4,262.88,19.01,19.72
1793,1005,103,4,326.63,14.33,24.5
1794,514,117,5,61.89,9.85,4.64
1795,1112,100,4,605.3,12.81,45.4
1796,923,81,3,698.31,8.28,52.37
1797,642,37,1,703.75,5.98,52.78
1798,505,44,1,69.47,19.01,5.21
1799,590,9,1,239.69,2.31,17.98
1800,772,58,4,634.01,6.93,47.55
1801,1265,20,4,245.69,17.98,18.43
1802,740,109,1,818.5,14.46,61.39
1803,675,92,2,265.07,0.58,19.88
1804,1260,50,2,585.0,0.46,43.88
1805,1014,20,3,245.69,10.33,18.43
1806,128,105,5,78.61,9.69,5.9
1807,503,36,3,518.21,8.86,38.87
1808,1224,117,1,61.89,6.05,4.64
1809,902,27,1,422.03,19.73,31.65
1810,543,72,1,511.89,5.44,38.39
1811,492,32,5,460.46,9.8,34.53
1812,1045,1,4,772.96,8.1,57.97
1813,1258,17,5,185.26,3.4,13.89
1814,714,9,3,239.69,4.05,17.98
1815,791,84,4,740.13,18.37,55.51
1816,416,45,4,45.28,17.17,3.4
1817,148,96,3,516.69,3.98,38.75
1818,970,66,4,422.81,17.51,31.71
1819,29,32,2,460.46,4.18,34.53
1820,1385,45,3,45.28,12.53,3.4
1821,308,9,3,239.69,1.63,17.98
1822,162,30,2,87.96,17.61,6.6
1823,869,84,5,740.13,1.03,55.51
1824,852,38,5,181.56,11.1,13.62
1825,61,60,5,85.64,15.59,6.42
1826,125,1,4,772.96,2.34,57.97
1827,1480,5,2,604.61,8.09,45.35
1828,1095,63,3,590.23,0.84,44.27
1829,838,99,3,489.36,13.66,36.7
1830,466,36,3,518.21,6.15,38.87
1831,243,65,4,433.0,11.19,32.48
1832,1245,78,4,426.17,18.65,31.96
1833,473,73,5,381.52,6.12,28.61
1834,959,94,4,234.67,0.97,17.6
1835,533,24,5,605.08,13.51,45.38
1836,494,4,5,701.58,15.74,52.62
1837,899,114,3,707.32,19.16,53.05
1838,82,78,4,426.17,3.16,31.96
1839,856,89,5,290.51,7.84,21.79
1840,879,68,2,859.52,16.88,64.46
1841,923,25,2,336.2,16.14,25.22
1842,12,74,4,189.6,12.5,14.22
1843,1287,99,3,489.36,5.39,36.7
1844,449,119,3,163.76,5.68,12.28
1845,1216,7,5,172.14,2.48,12.91
1846,762,106,4,402.03,18.44,30.15
1847,1138,13,2,477.47,3.46,35.81
1848,26,68,5,859.52,11.46,64.46
1849,508,114,5,707.32,11.69,53.05
1850,62,43,1,186.64,7.39,14.0
1851,229,57,4,148.94,7.05,11.17
1852,607,36,5,518.21,13.37,38.87
1853,1059,120,2,217.67,7.77,16.33
1854,1480,14,1,262.88,5.1,19.72
1855,891,82,2,832.15,7.98,62.41
1856,761,72,3,511.89,16.15,38.39
1857,595,96,1,516.69,19.33,38.75
1858,1049,27,1,422.03,12.72,31.65
1859,1056,106,5,402.03,15.64,30.15
1860,1036,37,3,703.75,10.66,52.78
1861,1343,87,5,605.06,12.5,45.38
1862,1,71,4,815.62,19.76,61.17
1863,1459,76,2,655.08,8.77,49.13
1864,1160,25,2,336.2,1.33,25.22
1865,1220,67,5,536.34,19.14,40.23
1866,133,90,2,651.56,15.86,48.87
1867,86,4,2,701.58,7.97,52.62
1868,1500,106,4,402.03,19.65,30.15
1869,1348,100,3,605.3,6.91,45.4
1870,1204,79,1,217.96,7.44,16.35
1871,516,96,5,516.69,12.19,38.75
1872,175,93,5,372.93,5.49,27.97
1873,763,74,4,189.6,13.97,14.22
1874,1045,85,4,469.88,3.06,35.24
1875,997,118,1,161.53,2.16,12.11
1876,1129,16,3,251.26,10.7,18.84
1877,578,111,5,281.16,11.11,21.09
1878,1467,19,4,410.42,2.13,30.78
1879,49,29,5,677.83,19.28,50.84
1880,528,116,2,561.71,11.47,42.13
1881,145,51,5,452.19,3.02,33.91
1882,1364,18,3,377.04,6.23,28.28
1883,762,58,3,634.01,16.0,47.55
1884,1378,44,5,69.47,10.46,5.21
1885,1099,16,2,251.26,3.76,18.84
1886,929,65,3,433.0,2.06,32.48
1887,794,112,4,45.61,8.62,3.42
1888,319,2,5,689.33,6.75,51.7
1889,1111,56,2,374.37,13.12,28.08
1890,698,79,4,217.96,18.5,16.35
1891,847,103,5,326.63,4.95,24.5
1892,783,28,2,463.39,17.1,34.75
1893,42,65,4,433.0,18.41,32.48
1894,1117,5,3,604.61,18.04,45.35
1895,529,106,5,402.03,19.04,30.15
1896,1289,22,5,46.78,16.84,3.51
1897,292,117,3,61.89,11.87,4.64
1898,969,100,1,605.3,8.2,45.4
1899,1488,110,4,362.95,9.83,27.22
1900,97,13,3,477.47,17.45,35.81
1901,1119,65,5,433.0,6.03,32.48
1902,1350,16,4,251.26,3.19,18.84
1903,74,119,4,163.76,2.82,12.28
1904,1360,105,1,78.61,16.54,5.9
1905,1092,86,5,221.25,15.23,16.59
1906,758,64,2,50.52,9.95,3.79
1907,1101,32,1,460.46,5.5,34.53
1908,208,80,1,538.78,13.55,40.41
1909,1245,51,2,452.19,0.77,33.91
1910,1286,79,2,217.96,11.36,16.35
1911,410,58,1,634.01,7.97,47.55
1912,331,46,4,556.56,19.56,41.74
1913,344,52,3,399.73,10.15,29.98
1914,989,106,3,402.03,11.05,30.15
1915,771,117,1,61.89,14.25,4.64
1916,74,63,4,590.23,9.69,44.27
1917,254,76,2,655.08,4.49,49.13
1918,959,60,1,85.64,10.75,6.42
1919,820,65,5,433.0,18.89,32.48
1920,986,117,4,61.89,8.2,4.64
1921,332,81,5,698.31,13.59,52.37
1922,1422,105,5,78.61,19.56,5.9
1923,1369,55,1,437.47,16.6,32.81
1924,747,115,4,251.84,13.18,18.89
1925,836,57,5,148.94,14.72,11.17
1926,455,114,4,707.32,18.73,53.05
1927,1139,92,3,265.07,19.2,19.88
1928,313,71,5,815.62,19.38,61.17
1929,1018,73,5,381.52,12.51,28.61
1930,228,86,4,221.25,7.69,16.59
1931,834,26,3,403.55,2.66,30.27
1932,858,117,5,61.89,7.71,4.64
1933,1269,12,1,286.0,18.86,21.45
1934,818,71,4,815.62,17.8,61.17
1935,1018,46,4,556.56,10.47,41.74
1936,528,47,5,512.89,10.74,38.47
1937,950,79,3,217.96,6.18,16.35
1938,427,38,5,181.56,9.09,13.62
1939,42,21,2,683.93,14.29,51.29
1940,465,14,5,262.88,8.05,19.72
1941,278,2,2,689.33,3.76,51.7
1942,836,72,1,511.89,10.82,38.39
1943,19,109,4,818.5,4.51,61.39
1944,66,119,4,163.76,19.49,12.28
1945,167,70,3,740.36,7.81,55.53
1946,1020,101,5,484.82,18.19,36.36
1947,403,101,1,484.82,4.51,36.36
1948,409,33,2,553.89,3.78,41.54
1949,112,105,3,78.61,12.34,5.9
1950,1298,6,1,207.99,15.59,15.6
1951,1431,116,1,561.71,11.34,42.13
1952,1397,90,2,651.56,4.6,48.87
1953,597,103,2,326.63,0.76,24.5
1954,651,105,4,78.61,12.37,5.9
1955,1063,37,5,703.75,2.62,52.78
1956,105,14,3,262.88,6.86,19.72
1957,324,37,5,703.75,13.52,52.78
1958,992,8,3,166.49,1.96,12.49
1959,1438,103,1,326.63,2.55,24.5
1960,429,77,2,142.28,1.23,10.67
1961,635,13,2,477.47,19.92,35.81
1962,730,40,1,392.71,7.74,29.45
1963,889,107,1,355.52,18.12,26.66
1964,1085,92,3,265.07,5.87,19.88
1965,1331,58,1,634.01,15.06,47.55
1966,1378,18,3,377.04,4.38,28.28
1967,393,57,5,148.94,9.97,11.17
1968,204,83,2,202.33,16.49,15.17
1969,258,38,2,181.56,16.33,13.62
1970,486,32,2,460.46,15.89,34.53
1971,446,86,5,221.25,16.47,16.59
1972,1204,66,5,422.81,4.23,31.71
1973,1024,77,4,142.28,9.64,10.67
1974,342,87,3,605.06,9.7,45.38
1975,133,25,3,336.2,17.81,25.22
1976,443,92,4,265.07,5.94,19.88
1977,253,58,2,634.01,18.63,47.55
1978,265,75,3,308.59,9.02,23.14
1979,93,33,3,553.89,13.4,41.54
1980,1435,88,2,383.94,5.38,28.8
1981,138,66,1,422.81,8.21,31.71
1982,1232,30,1,87.96,14.2,6.6
1983,1002,81,4,698.31,10.25,52.37
1984,307,104,5,343.22,18.61,25.74
1985,266,34,3,416.11,14.74,31.21
1986,646,102,3,165.16,11.29,12.39
1987,318,86,4,221.25,17.73,16.59
1988,1137,69,4,479.33,13.31,35.95
1989,901,48,3,306.89,12.95,23.02
1990,1402,40,2,392.71,4.93,29.45
1991,454,51,2,452.19,7.9,33.91
1992,191,80,5,538.78,13.67,40.41
1993,1464,13,3,477.47,17.84,35.81
1994,1211,90,3,651.56,6.31,48.87
1995,831,31,3,239.51,4.31,17.96
1996,1391,116,3,561.71,11.87,42.13
1997,1113,39,4,334.03,1.34,25.05
1998,187,63,1,590.23,14.29,44.27
1999,819,48,3,306.89,14.06,23.02
2000,1021,87,1,605.06,7.1,45.38
2001,132,48,2,306.89,17.85,23.02
2002,872,61,5,843.13,10.04,63.23
2003,635,12,2,286.0,12.92,21.45
2004,1400,78,3,426.17,4.19,31.96
2005,691,56,2,374.37,8.35,28.08
2006,692,18,4,377.04,17.25,28.28
2007,1123,27,1,422.03,4.26,31.65
2008,1058,28,3,463.39,7.81,34.75
2009,582,82,4,832.15,6.36,62.41
2010,171,80,1,538.78,3.02,40.41
2011,1390,52,4,399.73,5.79,29.98
2012,784,16,2,251.26,4.66,18.84
2013,1083,77,3,142.28,18.47,10.67
2014,181,58,2,634.01,14.82,47.55
2015,19,93,5,372.93,6.32,27.97
2016,1250,9,3,239.69,15.27,17.98
2017,1497,26,2,403.55,0.44,30.27
2018,1119,28,3,463.39,10.53,34.75
2019,881,105,1,78.61,5.01,5.9
2020,1321,77,3,142.28,2.29,10.67
2021,175,36,3,518.21,17.68,38.87
2022,1246,9,1,239.69,3.99,17.98
2023,54,47,2,512.89,16.45,38.47
2024,695,78,3,426.17,8.26,31.96
2025,863,51,4,452.19,0.29,33.91
2026,1427,76,3,655.08,14.65,49.13
2027,1342,117,2,61.89,11.93,4.64
2028,349,57,1,148.94,6.88,11.17
2029,443,32,2,460.46,5.63,34.53
2030,833,102,5,165.16,1.47,12.39
2031,580,67,3,536.34,18.83,40.23
2032,282,57,3,148.94,9.88,11.17
2033,360,54,1,94.38,1.71,7.08
2034,915,116,3,561.71,17.37,42.13
2035,823,16,4,251.26,5.58,18.84
2036,892,62,4,837.2,4.07,62.79
2037,953,84,2,740.13,5.62,55.51
2038,641,96,1,516.69,11.29,38.75
2039,1032,56,5,374.37,1.48,28.08
2040,563,23,2,290.66,9.64,21.8
2041,491,17,1,185.26,17.91,13.89
2042,341,80,1,538.78,3.76,40.41
2043,472,38,2,181.56,6.62,13.62
2044,249,72,2,511.89,7.92,38.39
2045,235,83,3,202.33,11.72,15.17
2046,1107,30,5,87.96,18.39,6.6
2047,1117,58,4,634.01,7.89,47.55
2048,1418,98,3,462.99,1.38,34.72
2049,824,78,1,426.17,6.96,31.96
2050,1292,22,5,46.78,3.8,3.51
2051,1441,108,5,584.48,13.04,43.84
2052,632,17,2,185.26,0.59,13.89
2053,529,15,5,464.2,5.84,34.82
2054,1277,114,5,707.32,10.9,53.05
2055,122,48,1,306.89,5.55,23.02
2056,892,32,3,460.46,11.02,34.53
2057,10,77,5,142.28,2.29,10.67
2058,1340,85,2,469.88,18.86,35.24
2059,838,113,3,836.2,5.82,62.72
2060,1297,40,2,392.71,18.46,29.45
2061,1330,97,5,644.19,6.52,48.31
2062,1234,57,3,148.94,15.64,11.17
2063,753,58,5,634.01,4.92,47.55
2064,886,91,1,181.12,13.4,13.58
2065,464,99,3,489.36,6.47,36.7
2066,712,16,2,251.26,10.18,18.84
2067,728,28,1,463.39,13.48,34.75
2068,717,98,4,462.99,11.78,34.72
2069,1440,111,2,281.16,11.53,21.09
2070,1240,1,5,772.96,1.31,57.97
2071,80,41,2,448.83,4.98,33.66
2072,480,48,4,306.89,11.44,23.02
2073,902,31,2,239.51,0.37,17.96
2074,891,36,1,518.21,5.01,38.87
2075,18,108,2,584.48,4.58,43.84
2076,1189,33,3,553.89,5.0,41.54
2077,202,33,4,553.89,10.71,41.54
2078,741,103,2,326.63,11.64,24.5
2079,1370,82,4,832.15,18.18,62.41
2080,1390,23,1,290.66,7.72,21.8
2081,1472,60,3,85.64,18.53,6.42
2082,319,87,5,605.06,13.04,45.38
2083,217,79,2,217.96,18.25,16.35
2084,1058,90,1,651.56,16.67,48.87
2085,266,30,4,87.96,13.75,6.6
2086,724,89,4,290.51,7.12,21.79
2087,775,45,1,45.28,4.82,3.4
2088,1104,80,2,538.78,4.45,40.41
2089,413,39,5,334.03,19.04,25.05
2090,1276,112,2,45.61,19.17,3.42
2091,1036,45,3,45.28,14.5,3.4
2092,401,78,2,426.17,17.68,31.96
2093,724,81,3,698.31,18.38,52.37
2094,282,12,4,286.0,10.23,21.45
2095,1136,93,3,372.93,12.58,27.97
2096,723,32,5,460.46,8.38,34.53
2097,1402,56,1,374.37,8.37,28.08
2098,751,24,3,605.08,0.77,45.38
2099,268,116,2,561.71,8.68,42.13
2100,298,13,3,477.47,13.47,35.81
2101,1341,120,4,217.67,8.44,16.33
2102,570,20,3,245.69,17.45,18.43
2103,509,79,5,217.96,6.65,16.35
2104,546,56,3,374.37,2.65,28.08
2105,775,53,5,86.1,16.23,6.46
2106,365,68,2,859.52,13.48,64.46
2107,547,54,4,94.38,4.84,7.08
2108,271,34,1,416.11,10.73,31.21
2109,1498,28,2,463.39,8.04,34.75
2110,739,50,2,585.0,18.78,43.88
2111,537,2,1,689.33,12.15,51.7
2112,1258,111,3,281.16,3.17,21.09
2113,59,94,3,234.67,10.04,17.6
2114,1275,26,3,403.55,17.25,30.27
2115,86,51,4,452.19,13.43,33.91
2116,763,47,2,512.89,16.85,38.47
2117,390,26,5,403.55,5.01,30.27
2118,1204,84,1,740.13,17.77,55.51
2119,719,106,2,402.03,15.11,30.15
2120,856,92,3,265.07,14.58,19.88
2121,149,120,1,217.67,6.93,16.33
2122,583,84,5,740.13,17.75,55.51
2123,121,75,2,308.59,12.76,23.14
2124,765,74,2,189.6,17.04,14.22
2125,605,61,4,843.13,7.22,63.23
2126,256,23,2,290.66,2.91,21.8
2127,766,37,2,703.75,6.65,52.78
2128,864,41,5,448.83,9.11,33.66
2129,800,52,5,399.73,10.67,29.98
2130,1333,83,1,202.33,10.22,15.17
2131,59,109,3,818.5,10.92,61.39
2132,1022,82,5,832.15,16.83,62.41
2133,1093,49,1,742.55,3.4,55.69
2134,1470,27,2,422.03,6.32,31.65
2135,388,6,1,207.99,17.77,15.6
2136,1110,74,1,189.6,11.21,14.22
2137,786,66,1,422.81,11.67,31.71
2138,1251,24,1,605.08,9.56,45.38
2139,593,38,5,181.56,10.98,13.62
2140,1208,28,3,463.39,3.96,34.75
2141,1346,28,1,463.39,10.94,34.75
2142,909,117,4,61.89,19.94,4.64
2143,1342,109,2,818.5,11.32,61.39
2144,566,114,2,707.32,0.89,53.05
2145,399,103,2,326.63,15.93,24.5
2146,899,66,2,422.81,7.93,31.71
2147,1317,61,2,843.13,3.07,63.23
2148,293,46,1,556.56,17.25,41.74
2149,485,69,3,479.33,3.96,35.95
2150,1471,114,4,707.32,18.42,53.05
2151,803,75,5,308.59,8.84,23.14
2152,1436,74,4,189.6,14.86,14.22
2153,890,43,5,186.64,10.94,14.0
2154,244,59,5,532.71,5.13,39.95
2155,1444,2,4,689.33,13.42,51.7
2156,960,15,1,464.2,19.16,34.82
2157,1178,103,2,326.63,15.39,24.5
2158,816,105,1,78.61,12.08,5.9
2159,1448,37,2,703.75,19.81,52.78
2160,273,71,3,815.62,5.31,61.17
2161,520,20,5,245.69,1.25,18.43
2162,1152,98,4,462.99,0.64,34.72
2163,1397,35,3,219.96,14.21,16.5
2164,568,34,2,416.11,16.6,31.21
2165,638,117,1,61.89,12.7,4.64
2166,159,86,4,221.25,18.1,16.59
2167,652,31,5,239.51,13.96,17.96
2168,176,87,3,605.06,7.42,45.38
2169,620,19,5,410.42,3.63,30.78
2170,211,68,2,859.52,18.49,64.46
2171,447,24,5,605.08,2.07,45.38
2172,586,84,1,740.13,10.86,55.51
2173,167,39,3,334.03,6.28,25.05
2174,460,92,3,265.07,5.43,19.88
2175,916,54,1,94.38,12.92,7.08
2176,1381,39,5,334.03,4.62,25.05
2177,1328,17,1,185.26,18.33,13.89
2178,1257,19,4,410.42,8.12,30.78
2179,1351,118,1,161.53,13.55,12.11
2180,1206,48,5,306.89,14.56,23.02
2181,1358,35,1,219.96,13.66,16.5
2182,1053,32,2,460.46,18.07,34.53
2183,714,47,1,512.89,4.62,38.47
2184,1117,110,1,362.95,1.72,27.22
2185,841,47,5,512.89,1.11,38.47
2186,868,64,4,50.52,17.56,3.79
2187,688,46,4,556.56,19.47,41.74
2188,330,103,5,326.63,6.05,24.5
2189,1208,35,5,219.96,13.87,16.5
2190,95,94,5,234.67,0.18,17.6
2191,785,17,2,185.26,3.77,13.89
2192,649,42,3,316.8,13.79,23.76
2193,353,111,1,281.16,1.32,21.09
2194,930,29,5,677.83,9.37,50.84
2195,941,70,5,740.36,13.25,55.53
2196,984,17,5,185.26,15.32,13.89
2197,1289,81,4,698.31,9.08,52.37
2198,1043,14,5,262.88,12.61,19.72
2199,646,24,1,605.08,10.79,45.38
2200,626,57,5,148.94,1.05,11.17
2201,139,50,1,585.0,14.86,43.88
2202,716,57,2,148.94,3.45,11.17
2203,762,101,3,484.82,0.64,36.36
2204,255,61,4,843.13,9.02,63.23
2205,1109,104,1,343.22,17.31,25.74
2206,1482,39,2,334.03,3.02,25.05
2207,676,55,3,437.47,0.26,32.81
2208,92,96,3,516.69,2.2,38.75
2209,1093,36,3,518.21,7.27,38.87
2210,37,114,1,707.32,11.6,53.05
2211,140,37,2,703.75,3.86,52.78
2212,867,112,5,45.61,16.04,3.42
2213,680,14,2,262.88,15.07,19.72
2214,1202,27,2,422.03,13.92,31.65
2215,137,83,2,202.33,9.75,15.17
2216,190,31,1,239.51,7.3,17.96
2217,342,110,1,362.95,7.51,27.22
2218,1029,73,1,381.52,10.06,28.61
2219,972,102,2,165.16,1.55,12.39
2220,1281,81,1,698.31,13.65,52.37
2221,662,83,3,202.33,7.03,15.17
2222,243,44,1,69.47,4.5,5.21
2223,415,68,4,859.52,5.57,64.46
2224,707,48,1,306.89,3.61,23.02
2225,343,57,1,148.94,18.03,11.17
2226,682,75,1,308.59,3.38,23.14
2227,1403,22,1,46.78,17.66,3.51
2228,653,4,4,701.58,11.44,52.62
2229,146,81,5,698.31,17.35,52.37
2230,323,72,1,511.89,9.48,38.39
2231,122,46,3,556.56,18.55,41.74
2232,1276,59,4,532.71,4.23,39.95
2233,311,34,5,416.11,11.09,31.21
2234,601,11,1,399.71,2.52,29.98
2235,475,31,5,239.51,8.94,17.96
2236,570,11,3,399.71,11.4,29.98
2237,575,120,4,217.67,12.11,16.33
2238,347,118,4,161.53,7.31,12.11
2239,820,56,5,374.37,1.53,28.08
2240,1497,38,1,181.56,13.11,13.62
2241,382,117,2,61.89,9.77,4.64
2242,1304,21,4,683.93,2.74,51.29
2243,72,110,2,362.95,18.72,27.22
2244,521,94,4,234.67,19.11,17.6
2245,1390,10,1,40.78,17.13,3.06
2246,933,26,1,403.55,16.88,30.27
2247,1118,91,4,181.12,1.97,13.58
2248,1397,8,5,166.49,19.87,12.49
2249,339,103,1,326.63,8.01,24.5
2250,1461,8,1,166.49,3.26,12.49
2251,1360,60,3,85.64,16.24,6.42
2252,664,72,1,511.89,4.51,38.39
2253,40,119,3,163.76,10.52,12.28
2254,1383,34,1,416.11,2.56,31.21
2255,574,16,1,251.26,9.49,18.84
2256,1278,105,5,78.61,11.16,5.9
2257,966,13,5,477.47,8.92,35.81
2258,581,87,1,605.06,1.39,45.38
2259,1422,76,4,655.08,9.7,49.13
2260,170,91,4,181.12,9.38,13.58
2261,701,22,1,46.78,5.23,3.51
2262,511,96,4,516.69,18.43,38.75
2263,1284,113,1,836.2,8.36,62.72
2264,584,27,5,422.03,17.28,31.65
2265,984,64,2,50.52,2.19,3.79
2266,459,2,3,689.33,6.38,51.7
2267,529,109,4,818.5,3.53,61.39
2268,341,97,4,644.19,8.17,48.31
2269,57,26,5,403.55,2.23,30.27
2270,218,92,4,265.07,8.82,19.88
2271,619,83,1,202.33,7.08,15.17
2272,816,107,1,355.52,4.47,26.66
2273,731,69,2,479.33,12.84,35.95
2274,464,97,2,644.19,19.02,48.31
2275,247,84,2,740.13,4.14,55.51
2276,730,30,1,87.96,14.24,6.6
2277,373,109,2,818.5,14.85,61.39
2278,417,8,2,166.49,9.96,12.49
2279,1055,38,1,181.56,17.95,13.62
2280,368,61,5,843.13,19.33,63.23
2281,559,81,4,698.31,7.24,52.37
2282,108,108,3,584.48,13.02,43.84
2283,584,65,1,433.0,13.24,32.48
2284,839,67,1,536.34,8.07,40.23
2285,418,46,3,556.56,6.34,41.74
2286,821,90,3,651.56,18.67,48.87
2287,1422,95,2,311.68,15.8,23.38
2288,1296,72,3,511.89,2.29,38.39
2289,683,43,4,186.64,2.4,14.0
2290,1140,59,4,532.71,18.45,39.95
2291,256,46,4,556.56,1.63,41.74
2292,1105,72,4,511.89,13.77,38.39
2293,780,35,4,219.96,4.54,16.5
2294,1152,39,2,334.03,0.7,25.05
2295,838,92,1,265.07,1.19,19.88
2296,915,51,3,452.19,7.47,33.91
2297,235,4,1,701.58,1.55,52.62
2298,553,80,3,538.78,11.93,40.41
2299,181,77,2,142.28,12.95,10.67
2300,157,84,2,740.13,7.47,55.51
2301,1478,51,5,452.19,14.86,33.91
2302,571,5,5,604.61,9.8,45.35
2303,857,55,2,437.47,8.6,32.81
2304,1048,101,2,484.82,8.14,36.36
2305,1497,20,3,245.69,8.62,18.43
2306,1424,24,2,605.08,19.36,45.38
2307,948,36,1,518.21,13.63,38.87
2308,592,34,3,416.11,6.3,31.21
2309,134,109,2,818.5,14.68,61.39
2310,421,112,3,45.61,6.61,3.42
2311,213,54,3,94.38,2.51,7.08
2312,900,34,4,416.11,9.51,31.21
2313,482,83,5,202.33,15.02,15.17
2314,348,17,3,185.26,7.55,13.89
2315,166,5,3,604.61,17.38,45.35
2316,937,89,4,290.51,7.74,21.79
2317,348,18,2,377.04,7.0,28.28
2318,849,55,3,437.47,19.96,32.81
2319,398,53,4,86.1,9.65,6.46
2320,583,50,1,585.0,16.1,43.88
2321,726,72,4,511.89,16.1,38.39
2322,1459,91,5,181.12,18.53,13.58
2323,1245,79,5,217.96,1.7,16.35
2324,308,45,2,45.28,5.42,3.4
2325,991,13,2,477.47,15.35,35.81
2326,798,16,5,251.26,11.25,18.84
2327,719,86,5,221.25,11.19,16.59
2328,466,84,3,740.13,3.32,55.51
2329,99,13,5,477.47,5.62,35.81
2330,1266,20,2,245.69,10.43,18.43
2331,158,66,5,422.81,5.54,31.71
2332,610,99,2,489.36,4.21,36.7
2333,554,47,1,512.89,1.76,38.47
2334,651,119,5,163.76,3.11,12.28
2335,920,19,2,410.42,15.38,30.78
2336,227,45,4,45.28,14.38,3.4
2337,423,37,3,703.75,0.92,52.78
2338,1096,54,2,94.38,4.07,7.08
2339,243,6,5,207.99,11.21,15.6
2340,530,14,5,262.88,6.45,19.72
2341,1069,4,1,701.58,16.46,52.62
2342,1496,86,4,221.25,15.7,16.59
2343,371,115,2,251.84,17.83,18.89
2344,652,55,4,437.47,11.26,32.81
2345,689,103,1,326.63,7.04,24.5
2346,734,100,3,605.3,12.12,45.4
2347,92,34,4,416.11,1.78,31.21
2348,1046,27,1,422.03,0.19,31.65
2349,172,7,2,172.14,0.34,12.91
2350,1216,3,3,455.48,8.15,34.16
2351,1101,47,5,512.89,4.56,38.47
2352,1305,97,1,644.19,3.15,48.31
2353,1388,2,5,689.33,12.31,51.7
2354,179,106,3,402.03,19.9,30.15
2355,238,80,1,538.78,3.56,40.41
2356,1159,25,1,336.2,10.93,25.22
2357,877,60,3,85.64,2.39,6.42
2358,902,79,2,217.96,18.68,16.35
2359,280,24,1,605.08,5.84,45.38
2360,1043,15,3,464.2,17.57,34.82
2361,740,95,4,311.68,5.66,23.38
2362,371,14,5,262.88,16.12,19.72
2363,1136,54,1,94.38,4.19,7.08
2364,870,78,4,426.17,5.86,31.96
2365,1019,6,1,207.99,3.85,15.6
2366,221,78,2,426.17,5.29,31.96
2367,920,81,3,698.31,16.7,52.37
2368,304,18,1,377.04,12.78,28.28
2369,1349,20,3,245.69,8.12,18.43
2370,1461,115,1,251.84,19.43,18.89
2371,438,62,2,837.2,9.3,62.79
2372,1194,81,2,698.31,19.4,52.37
2373,375,80,4,538.78,3.93,40.41
2374,381,40,2,392.71,18.09,29.45
2375,986,39,3,334.03,0.28,25.05
2376,14,52,2,399.73,10.91,29.98
2377,743,32,1,460.46,8.46,34.53
2378,669,108,2,584.48,10.5,43.84
2379,500,73,3,381.52,11.07,28.61
2380,1415,27,1,422.03,7.78,31.65
2381,565,110,4,362.95,19.96,27.22
2382,530,52,4,399.73,19.53,29.98
2383,492,97,4,644.19,19.23,48.31
2384,1409,63,1,590.23,19.58,44.27
2385,1220,74,4,189.6,15.86,14.22
2386,755,63,2,590.23,19.77,44.27
2387,300,17,1,185.26,17.85,13.89
2388,815,113,1,836.2,8.32,62.72
2389,547,49,1,742.55,15.7,55.69
2390,727,100,5,605.3,18.24,45.4
2391,731,81,3,698.31,14.25,52.37
2392,828,82,5,832.15,8.46,62.41
2393,602,116,5,561.71,1.32,42.13
2394,1332,23,5,290.66,16.19,21.8
2395,1276,98,3,462.99,19.05,34.72
2396,1032,72,5,511.89,7.25,38.39
2397,768,13,4,477.47,3.04,35.81
2398,875,23,1,290.66,6.53,21.8
2399,1232,57,1,148.94,11.65,11.17
2400,937,62,2,837.2,6.34,62.79
2401,131,54,4,94.38,12.21,7.08
2402,608,20,3,245.69,19.34,18.43
2403,26,86,1,221.25,13.41,16.59
2404,1478,111,5,281.16,7.25,21.09
2405,635,52,2,399.73,18.72,29.98
2406,1210,23,2,290.66,11.31,21.8
2407,484,105,1,78.61,2.57,5.9
2408,680,35,4,219.96,9.98,16.5
2409,1075,67,2,536.34,13.07,40.23
2410,5,34,1,416.11,16.77,31.21
2411,589,33,4,553.89,18.73,41.54
2412,1184,46,1,556.56,6.35,41.74
2413,208,81,1,698.31,3.11,52.37
2414,257,45,4,45.28,1.48,3.4
2415,1229,19,4,410.42,14.77,30.78
2416,11,94,4,234.67,15.9,17.6
2417,949,87,1,605.06,8.19,45.38
2418,8,15,2,464.2,7.92,34.82
2419,1433,78,3,426.17,19.08,31.96
2420,936,66,3,422.81,18.33,31.71
2421,32,39,1,334.03,4.67,25.05
2422,540,113,1,836.2,15.62,62.72
2423,1005,18,2,377.04,12.45,28.28
2424,387,70,4,740.36,3.08,55.53
2425,1252,59,1,532.71,7.14,39.95
2426,640,32,5,460.46,3.55,34.53
2427,1499,21,4,683.93,5.9,51.29
2428,207,40,1,392.71,12.31,29.45
2429,1342,92,5,265.07,7.51,19.88
2430,557,27,2,422.03,7.88,31.65
2431,348,2,5,689.33,10.79,51.7
2432,793,97,1,644.19,1.74,48.31
2433,234,80,3,538.78,14.78,40.41
2434,1068,39,1,334.03,8.03,25.05
2435,1006,86,3,221.25,9.61,16.59
2436,737,56,2,374.37,19.49,28.08
2437,942,107,2,355.52,6.89,26.66
2438,1166,111,4,281.16,12.96,21.09
2439,176,13,4,477.47,7.85,35.81
2440,449,56,3,374.37,17.89,28.08
2441,592,66,3,422.81,16.94,31.71
2442,82,78,2,426.17,4.83,31.96
2443,135,56,5,374.37,13.83,28.08
2444,856,102,3,165.16,1.3,12.39
2445,1201,105,3,78.61,19.26,5.9
2446,1407,28,5,463.39,6.98,34.75
2447,1267,64,4,50.52,16.64,3.79
2448,1165,71,4,815.62,6.37,61.17
2449,1481,82,3,832.15,12.66,62.41
2450,440,64,4,50.52,19.67,3.79
2451,1080,56,4,374.37,17.53,28.08
2452,697,41,4,448.83,3.21,33.66
2453,419,119,2,163.76,10.95,12.28
2454,88,100,1,605.3,6.97,45.4
2455,656,41,3,448.83,8.69,33.66
2456,1032,100,3,605.3,6.7,45.4
2457,215,108,2,584.48,6.72,43.84
2458,552,4,1,701.58,10.85,52.62
2459,503,57,1,148.94,3.84,11.17
2460,699,30,2,87.96,10.75,6.6
2461,245,88,5,383.94,5.58,28.8
2462,309,84,5,740.13,5.78,55.51
2463,231,46,1,556.56,14.77,41.74
2464,1407,56,5,374.37,0.59,28.08
2465,155,31,5,239.51,7.62,17.96
2466,1199,88,5,383.94,8.15,28.8
2467,848,7,1,172.14,9.7,12.91
2468,115,90,5,651.56,13.38,48.87
2469,1414,77,3,142.28,7.39,10.67
2470,311,54,1,94.38,4.26,7.08
2471,993,8,2,166.49,17.7,12.49
2472,300,55,5,437.47,19.62,32.81
2473,1042,69,4,479.33,0.4,35.95
2474,784,44,1,69.47,10.93,5.21
2475,12,13,2,477.47,6.83,35.81
2476,1428,93,3,372.93,5.54,27.97
2477,232,20,2,245.69,6.71,18.43
2478,955,78,5,426.17,12.78,31.96
2479,730,32,4,460.46,3.81,34.53
2480,1302,60,5,85.64,18.26,6.42
2481,1377,50,2,585.0,9.32,43.88
2482,1018,27,1,422.03,6.51,31.65
2483,999,120,4,217.67,15.31,16.33
2484,303,25,4,336.2,0.33,25.22
2485,541,52,2,399.73,8.64,29.98
2486,470,68,5,859.52,7.11,64.46
2487,813,21,2,683.93,6.76,51.29
2488,77,18,4,377.04,6.74,28.28
2489,1020,39,2,334.03,0.63,25.05
2490,24,15,4,464.2,3.04,34.82
2491,1039,53,5,86.1,2.84,6.46
2492,676,38,1,181.56,19.77,13.62
2493,525,48,1,306.89,0.44,23.02
2494,347,52,2,399.73,3.34,29.98
2495,172,88,4,383.94,19.48,28.8
2496,1351,72,1,511.89,12.57,38.39
2497,712,28,4,463.39,9.01,34.75
2498,489,85,5,469.88,1.58,35.24
2499,1486,16,2,251.26,13.39,18.84
2500,378,118,4,161.53,2.76,12.11
2501,1188,16,2,251.26,13.42,18.84
2502,372,35,4,219.96,19.58,16.5
2503,1000,17,4,185.26,10.64,13.89
2504,977,73,5,381.52,4.28,28.61
2505,1448,99,2,489.36,12.51,36.7
2506,757,52,3,399.73,10.26,29.98
2507,477,93,4,372.93,10.66,27.97
2508,382,103,4,326.63,9.56,24.5
2509,155,82,1,832.15,13.47,62.41
2510,257,12,2,286.0,11.44,21.45
2511,674,83,3,202.33,19.74,15.17
2512,68,48,5,306.89,16.52,23.02
2513,344,22,3,46.78,5.29,3.51
2514,1301,120,5,217.67,14.52,16.33
2515,673,49,3,742.55,4.29,55.69
2516,391,52,3,399.73,15.65,29.98
2517,1473,79,2,217.96,2.95,16.35
2518,259,1,1,772.96,9.47,57.97
2519,307,66,3,422.81,15.81,31.71
2520,1119,64,4,50.52,5.6,3.79
2521,950,8,4,166.49,16.74,12.49
2522,1488,86,4,221.25,12.88,16.59
2523,970,25,1,336.2,7.95,25.22
2524,246,66,3,422.81,8.47,31.71
2525,733,115,5,251.84,18.52,18.89
2526,187,73,5,381.52,4.36,28.61
2527,925,73,2,381.52,13.87,28.61
2528,785,77,1,142.28,14.15,10.67
2529,1397,70,3,740.36,18.45,55.53
2530,1430,94,4,234.67,14.26,17.6
2531,408,79,1,217.96,11.69,16.35
2532,1149,51,1,452.19,18.05,33.91
2533,1361,53,3,86.1,16.58,6.46
2534,341,15,2,464.2,14.34,34.82
2535,563,50,2,585.0,0.65,43.88
2536,1202,71,2,815.62,7.47,61.17
2537,651,75,4,308.59,12.64,23.14
2538,952,104,4,343.22,10.45,25.74
2539,1194,38,3,181.56,6.39,13.62
2540,1063,40,2,392.71,2.89,29.45
2541,69,66,3,422.81,11.06,31.71
2542,1260,115,2,251.84,5.72,18.89
2543,381,112,1,45.61,4.66,3.42
2544,57,39,5,334.03,7.98,25.05
2545,1301,74,5,189.6,15.71,14.22
2546,850,108,2,584.48,9.76,43.84
2547,1123,17,3,185.26,4.33,13.89
2548,916,7,4,172.14,2.34,12.91
2549,325,118,2,161.53,9.98,12.11
2550,461,104,2,343.22,15.89,25.74
2551,179,39,4,334.03,13.06,25.05
2552,844,68,2,859.52,4.64,64.46
2553,574,35,1,219.96,8.73,16.5
2554,119,51,4,452.19,17.1,33.91
2555,1493,47,1,512.89,3.55,38.47
2556,549,36,5,518.21,10.64,38.87
2557,646,64,4,50.52,7.12,3.79
2558,1479,95,4,311.68,2.48,23.38
2559,26,89,3,290.51,1.0,21.79
2560,1032,105,3,78.61,11.12,5.9
2561,969,13,4,477.47,0.41,35.81
2562,533,18,5,377.04,2.07,28.28
2563,149,21,2,683.93,6.95,51.29
2564,1049,112,3,45.61,0.87,3.42
2565,655,65,5,433.0,8.01,32.48
2566,945,100,5,605.3,2.61,45.4
2567,555,114,3,707.32,7.0,53.05
2568,425,8,2,166.49,15.82,12.49
2569,293,116,3,561.71,12.53,42.13
2570,1209,48,5,306.89,8.91,23.02
2571,554,85,1,469.88,1.84,35.24
2572,431,43,3,186.64,12.38,14.0
2573,604,116,5,561.71,3.27,42.13
2574,317,53,3,86.1,1.53,6.46
2575,398,117,5,61.89,13.28,4.64
2576,1348,85,2,469.88,18.24,35.24
2577,596,27,5,422.03,9.21,31.65
2578,546,19,4,410.42,0.82,30.78
2579,76,23,1,290.66,17.61,21.8
2580,865,115,5,251.84,1.34,18.89
2581,916,50,3,585.0,17.35,43.88
2582,709,51,3,452.19,7.84,33.91
2583,486,43,5,186.64,7.31,14.0
2584,1112,99,4,489.36,10.86,36.7
2585,747,104,5,343.22,19.14,25.74
2586,1256,116,2,561.71,17.97,42.13
2587,1031,51,4,452.19,9.41,33.91
2588,550,106,5,402.03,13.92,30.15
2589,976,112,1,45.61,11.61,3.42
2590,1076,69,4,479.33,13.87,35.95
2591,942,116,5,561.71,16.59,42.13
2592,919,41,1,448.83,0.69,33.66
2593,1420,72,5,511.89,6.52,38.39
2594,1245,11,2,399.71,19.19,29.98
2595,1452,80,3,538.78,18.99,40.41
2596,1167,103,5,326.63,0.22,24.5
2597,363,111,4,281.16,4.03,21.09
2598,382,88,5,383.94,19.88,28.8
2599,1301,85,5,469.88,9.86,35.24
2600,271,52,5,399.73,11.46,29.98
2601,1038,23,5,290.66,3.33,21.8
2602,298,49,4,742.55,17.89,55.69
2603,1004,38,4,181.56,4.63,13.62
2604,1488,47,5,512.89,3.79,38.47
2605,234,72,3,511.89,4.56,38.39
2606,575,7,5,172.14,18.39,12.91
2607,27,66,4,422.81,14.06,31.71
2608,1495,94,2,234.67,15.37,17.6
2609,93,77,5,142.28,7.54,10.67
2610,617,62,5,837.2,18.18,62.79
2611,309,87,5,605.06,15.79,45.38
2612,52,29,5,677.83,15.01,50.84
2613,319,38,1,181.56,19.42,13.62
2614,181,101,5,484.82,7.32,36.36
2615,1144,84,4,740.13,12.22,55.51
2616,875,33,4,553.89,18.2,41.54
2617,1067,29,1,677.83,15.82,50.84
2618,647,114,5,707.32,11.27,53.05
2619,1284,79,3,217.96,1.52,16.35
2620,197,23,5,290.66,13.05,21.8
2621,645,106,4,402.03,10.53,30.15
2622,971,3,2,455.48,3.68,34.16
2623,255,101,2,484.82,17.65,36.36
2624,732,120,3,217.67,6.86,16.33
2625,336,93,5,372.93,7.75,27.97
2626,990,45,1,45.28,13.45,3.4
2627,900,8,5,166.49,9.78,12.49
2628,1279,86,3,221.25,1.79,16.59
2629,514,117,3,61.89,7.75,4.64
2630,242,29,3,677.83,1.89,50.84
2631,149,2,2,689.33,3.82,51.7
2632,1323,105,5,78.61,0.14,5.9
2633,757,113,5,836.2,3.63,62.72
2634,620,50,1,585.0,6.61,43.88
2635,453,109,3,818.5,10.76,61.39
2636,1417,65,3,433.0,18.39,32.48
2637,212,108,4,584.48,10.81,43.84
2638,668,20,4,245.69,14.11,18.43
2639,594,52,2,399.73,7.15,29.98
2640,131,85,5,469.88,15.03,35.24
2641,1353,37,1,703.75,12.41,52.78
2642,612,72,1,511.89,9.2,38.39
2643,256,27,3,422.03,3.88,31.65
2644,561,47,1,512.89,6.07,38.47
2645,63,99,3,489.36,12.42,36.7
2646,1335,6,5,207.99,8.52,15.6
2647,407,60,1,85.64,17.79,6.42
2648,802,45,3,45.28,4.7,3.4
2649,1129,44,5,69.47,1.46,5.21
2650,15,83,5,202.33,11.79,15.17
2651,259,18,3,377.04,17.72,28.28
2652,723,120,3,217.67,7.29,16.33
2653,1436,65,2,433.0,12.95,32.48
2654,1283,25,5,336.2,4.63,25.22
2655,614,27,3,422.03,11.17,31.65
2656,1284,7,5,172.14,15.74,12.91
2657,1069,44,1,69.47,17.34,5.21
2658,813,106,4,402.03,2.1,30.15
2659,331,29,4,677.83,7.13,50.84
2660,165,95,3,311.68,12.79,23.38
2661,1217,44,3,69.47,0.69,5.21
2662,1425,107,5,355.52,13.81,26.66
2663,1398,36,3,518.21,10.56,38.87
2664,1089,19,5,410.42,5.77,30.78
2665,387,6,3,207.99,16.29,15.6
2666,1439,25,5,336.2,5.8,25.22
2667,1054,31,3,239.51,19.83,17.96
2668,1290,9,2,239.69,16.33,17.98
2669,328,84,5,740.13,14.16,55.51
2670,1241,74,2,189.6,1.23,14.22
2671,320,37,2,703.75,18.09,52.78
2672,399,27,2,422.03,15.8,31.65
2673,105,13,2,477.47,4.58,35.81
2674,696,41,1,448.83,7.84,33.66
2675,1017,66,4,422.81,5.37,31.71
2676,330,114,1,707.32,19.69,53.05
2677,660,85,3,469.88,17.08,35.24
2678,1071,97,3,644.19,18.6,48.31
2679,599,24,4,605.08,15.78,45.38
2680,821,117,4,61.89,9.13,4.64
2681,641,44,4,69.47,4.11,5.21
2682,314,106,2,402.03,4.16,30.15
2683,1171,98,1,462.99,3.03,34.72
2684,462,60,3,85.64,10.93,6.42
2685,486,9,1,239.69,18.4,17.98
2686,410,2,1,689.33,19.84,51.7
2687,27,119,1,163.76,5.75,12.28
2688,1053,56,4,374.37,13.95,28.08
2689,271,30,4,87.96,11.94,6.6
2690,686,22,3,46.78,9.78,3.51
2691,501,110,3,362.95,13.32,27.22
2692,1277,75,3,308.59,7.43,23.14
2693,385,119,1,163.76,18.89,12.28
2694,60,107,4,355.52,14.11,26.66
2695,1131,81,2,698.31,15.08,52.37
2696,220,100,1,605.3,4.85,45.4
2697,1465,13,5,477.47,3.37,35.81
2698,771,71,1,815.62,7.89,61.17
2699,564,16,4,251.26,15.33,18.84
2700,546,97,5,644.19,18.78,48.31
2701,96,45,1,45.28,8.55,3.4
2702,989,65,4,433.0,15.48,32.48
2703,1113,11,4,399.71,9.41,29.98
2704,828,70,2,740.36,5.9,55.53
2705,231,20,1,245.69,14.79,18.43
2706,968,99,4,489.36,15.96,36.7
2707,275,108,3,584.48,4.06,43.84
2708,246,63,4,590.23,6.1,44.27
2709,111,101,2,484.82,9.9,36.36
2710,234,105,4,78.61,3.73,5.9
2711,1302,90,1,651.56,18.58,48.87
2712,417,12,1,286.0,11.83,21.45
2713,678,62,5,837.2,2.42,62.79
2714,1152,94,1,234.67,3.68,17.6
2715,1261,92,5,265.07,19.09,19.88
2716,803,91,3,181.12,14.76,13.58
2717,619,42,2,316.8,14.69,23.76
2718,1152,83,3,202.33,1.45,15.17
2719,707,69,5,479.33,17.91,35.95
2720,851,58,4,634.01,8.87,47.55
2721,1418,5,4,604.61,13.19,45.35
2722,475,105,3,78.61,19.19,5.9
2723,655,27,4,422.03,2.0,31.65
2724,395,28,5,463.39,9.65,34.75
2725,111,26,2,403.55,0.99,30.27
2726,90,91,1,181.12,9.99,13.58
2727,763,116,5,561.71,5.05,42.13
2728,1304,49,5,742.55,18.22,55.69
2729,1357,106,1,402.03,7.97,30.15
2730,1248,21,1,683.93,12.68,51.29
2731,1125,1,2,772.96,17.21,57.97
2732,132,118,2,161.53,19.67,12.11
2733,1037,92,2,265.07,10.08,19.88
2734,457,112,4,45.61,9.12,3.42
2735,1465,58,5,634.01,1.51,47.55
2736,98,79,1,217.96,0.25,16.35
2737,1144,55,5,437.47,12.18,32.81
2738,293,81,5,698.31,1.31,52.37
2739,1025,26,2,403.55,7.61,30.27
2740,572,84,2,740.13,0.07,55.51
2741,250,25,5,336.2,12.3,25.22
2742,652,77,2,142.28,8.51,10.67
2743,149,33,4,553.89,2.54,41.54
2744,1419,89,1,290.51,5.93,21.79
2745,44,72,5,511.89,11.39,38.39
2746,1068,69,1,479.33,13.13,35.95
2747,1102,6,4,207.99,9.25,15.6
2748,1250,23,2,290.66,16.08,21.8
2749,162,116,3,561.71,2.25,42.13
2750,253,30,4,87.96,1.69,6.6
2751,132,78,3,426.17,0.88,31.96
2752,1472,54,1,94.38,10.72,7.08
2753,474,87,5,605.06,14.12,45.38
2754,1133,11,2,399.71,2.61,29.98
2755,706,31,4,239.51,12.78,17.96
2756,1059,6,2,207.99,9.54,15.6
2757,1491,11,3,399.71,19.75,29.98
2758,275,77,3,142.28,14.35,10.67
2759,187,12,5,286.0,13.15,21.45
2760,949,118,3,161.53,11.41,12.11
2761,243,66,5,422.81,19.95,31.71
2762,264,53,4,86.1,19.61,6.46
2763,522,99,5,489.36,10.76,36.7
2764,963,119,3,163.76,9.1,12.28
2765,783,36,1,518.21,9.24,38.87
2766,1111,17,5,185.26,8.57,13.89
2767,535,28,2,463.39,10.63,34.75
2768,210,92,1,265.07,5.47,19.88
2769,46,22,5,46.78,18.54,3.51
2770,1491,102,2,165.16,9.8,12.39
2771,26,7,1,172.14,16.84,12.91
2772,1290,15,5,464.2,9.51,34.82
2773,175,96,4,516.69,14.37,38.75
2774,1335,11,2,399.71,6.74,29.98
2775,322,24,4,605.08,12.5,45.38
2776,1159,67,3,536.34,9.97,40.23
2777,55,30,5,87.96,7.34,6.6
2778,1180,70,5,740.36,17.63,55.53
2779,668,66,2,422.81,2.25,31.71
2780,147,61,5,843.13,9.74,63.23
2781,599,78,3,426.17,3.89,31.96
2782,20,41,5,448.83,17.22,33.66
2783,1293,82,1,832.15,5.07,62.41
2784,333,51,4,452.19,12.67,33.91
2785,907,44,3,69.47,3.31,5.21
2786,944,95,3,311.68,8.1,23.38
2787,911,13,4,477.47,17.99,35.81
2788,401,90,4,651.56,3.32,48.87
2789,950,108,3,584.48,13.26,43.84
2790,1330,12,4,286.0,4.09,21.45
2791,28,82,2,832.15,8.31,62.41
2792,467,9,4,239.69,10.81,17.98
2793,1284,113,1,836.2,11.55,62.72
2794,982,85,1,469.88,12.05,35.24
2795,101,48,2,306.89,12.8,23.02
2796,551,49,4,742.55,5.44,55.69
2797,802,53,1,86.1,8.03,6.46
2798,353,56,5,374.37,0.75,28.08
2799,1324,40,4,392.71,15.38,29.45
2800,296,107,2,355.52,16.74,26.66
2801,353,24,4,605.08,3.98,45.38
2802,908,98,3,462.99,4.03,34.72
2803,1154,72,3,511.89,0.84,38.39
2804,1019,108,1,584.48,19.41,43.84
2805,1180,117,3,61.89,16.14,4.64
2806,1098,33,2,553.89,7.21,41.54
2807,1366,23,1,290.66,9.64,21.8
2808,1489,77,2,142.28,5.84,10.67
2809,1114,54,2,94.38,11.94,7.08
2810,455,53,3,86.1,14.35,6.46
2811,712,49,3,742.55,8.95,55.69
2812,980,78,2,426.17,17.47,31.96
2813,1356,78,3,426.17,10.34,31.96
2814,739,80,3,538.78,2.89,40.41
2815,977,49,3,742.55,12.45,55.69
2816,1372,102,4,165.16,9.24,12.39
2817,233,60,2,85.64,18.71,6.42
2818,1024,103,5,326.63,7.84,24.5
2819,102,90,2,651.56,8.06,48.87
2820,953,90,1,651.56,13.02,48.87
2821,481,65,3,433.0,10.54,32.48
2822,1238,32,3,460.46,7.49,34.53
2823,108,79,5,217.96,19.8,16.35
2824,1189,116,1,561.71,6.04,42.13
2825,973,21,4,683.93,5.55,51.29
2826,704,18,2,377.04,17.29,28.28
2827,335,94,4,234.67,0.07,17.6
2828,86,60,1,85.64,4.03,6.42
2829,734,13,5,477.47,11.81,35.81
2830,875,24,1,605.08,3.25,45.38
2831,1448,30,5,87.96,19.72,6.6
2832,364,2,4,689.33,9.28,51.7
2833,60,83,4,202.33,11.95,15.17
2834,1274,111,1,281.16,3.21,21.09
2835,560,108,1,584.48,5.79,43.84
2836,117,111,3,281.16,12.29,21.09
2837,874,25,5,336.2,10.99,25.22
2838,915,50,3,585.0,15.69,43.88
2839,968,14,2,262.88,5.38,19.72
2840,999,6,2,207.99,13.07,15.6
2841,44,76,1,655.08,5.82,49.13
2842,509,84,4,740.13,11.74,55.51
2843,1189,87,2,605.06,12.1,45.38
2844,1392,30,2,87.96,2.44,6.6
2845,1316,30,3,87.96,10.97,6.6
2846,849,38,3,181.56,0.24,13.62
2847,917,58,2,634.01,10.02,47.55
2848,898,94,1,234.67,13.95,17.6
2849,799,41,3,448.83,1.46,33.66
2850,876,94,2,234.67,18.77,17.6
2851,286,57,4,148.94,9.18,11.17
2852,1228,36,3,518.21,18.77,38.87
2853,684,64,2,50.52,2.15,3.79
2854,819,113,5,836.2,19.0,62.72
2855,121,98,3,462.99,2.18,34.72
2856,945,16,5,251.26,9.23,18.84
2857,1018,88,3,383.94,18.76,28.8
2858,1212,78,3,426.17,4.65,31.96
2859,907,90,5,651.56,0.7,48.87
2860,13,72,1,511.89,15.86,38.39
2861,603,14,2,262.88,11.92,19.72
2862,200,31,1,239.51,10.28,17.96
2863,586,66,1,422.81,0.69,31.71
2864,1480,112,2,45.61,13.06,3.42
2865,448,68,4,859.52,3.43,64.46
2866,841,65,1,433.0,18.62,32.48
2867,1095,55,1,437.47,13.71,32.81
2868,590,84,1,740.13,14.14,55.51
2869,1154,78,4,426.17,4.65,31.96
2870,889,40,3,392.71,17.62,29.45
2871,43,25,5,336.2,10.75,25.22
2872,520,25,5,336.2,17.14,25.22
2873,1037,3,4,455.48,5.42,34.16
2874,725,69,1,479.33,15.11,35.95
2875,623,102,5,165.16,11.49,12.39
2876,988,118,4,161.53,0.97,12.11
2877,803,26,2,403.55,8.11,30.27
2878,535,40,5,392.71,3.68,29.45
2879,302,38,2,181.56,7.18,13.62
2880,527,38,1,181.56,7.67,13.62
2881,1139,68,5,859.52,9.5,64.46
2882,460,7,4,172.14,12.01,12.91
2883,832,94,3,234.67,11.42,17.6
2884,505,30,5,87.96,0.78,6.6
2885,1332,120,5,217.67,15.01,16.33
2886,932,19,5,410.42,18.98,30.78
2887,325,103,5,326.63,6.97,24.5
2888,579,35,4,219.96,3.59,16.5
2889,761,104,4,343.22,10.8,25.74
2890,1199,33,3,553.89,14.1,41.54
2891,851,33,4,553.89,13.58,41.54
2892,1196,78,4,426.17,12.24,31.96
2893,960,38,1,181.56,2.92,13.62
2894,502,10,1,40.78,16.74,3.06
2895,334,57,2,148.94,8.51,11.17
2896,284,28,3,463.39,4.43,34.75
2897,475,78,1,426.17,1.73,31.96
2898,1078,100,3,605.3,8.33,45.4
2899,1482,38,3,181.56,12.36,13.62
2900,1444,16,5,251.26,13.31,18.84
2901,632,21,3,683.93,19.25,51.29
2902,703,92,5,265.07,3.06,19.88
2903,409,97,2,644.19,19.72,48.31
2904,982,6,2,207.99,13.09,15.6
2905,1328,41,2,448.83,9.08,33.66
2906,559,15,5,464.2,17.76,34.82
2907,222,108,5,584.48,13.89,43.84
2908,158,3,2,455.48,6.97,34.16
2909,348,43,5,186.64,17.68,14.0
2910,1183,47,4,512.89,13.33,38.47
2911,889,99,4,489.36,13.98,36.7
2912,922,14,5,262.88,17.93,19.72
2913,1259,66,5,422.81,8.97,31.71
2914,662,29,1,677.83,13.14,50.84
2915,405,4,1,701.58,14.89,52.62
2916,1281,26,3,403.55,9.08,30.27
2917,677,115,3,251.84,1.67,18.89
2918,589,12,3,286.0,15.43,21.45
2919,558,2,2,689.33,0.96,51.7
2920,905,17,4,185.26,14.36,13.89
2921,1071,35,2,219.96,18.22,16.5
2922,1237,10,5,40.78,6.94,3.06
2923,479,112,1,45.61,2.04,3.42
2924,487,86,5,221.25,4.66,16.59
2925,566,105,5,78.61,11.25,5.9
2926,1366,43,1,186.64,18.85,14.0
2927,524,21,5,683.93,10.25,51.29
2928,704,15,3,464.2,2.25,34.82
2929,1030,35,1,219.96,12.56,16.5
2930,821,112,5,45.61,14.66,3.42
2931,1168,85,3,469.88,7.87,35.24
2932,858,85,3,469.88,14.43,35.24
2933,1285,85,4,469.88,6.5,35.24
2934,585,60,3,85.64,15.78,6.42
2935,686,44,2,69.47,6.82,5.21
2936,232,96,1,516.69,5.12,38.75
2937,270,119,1,163.76,17.58,12.28
2938,940,5,1,604.61,10.97,45.35
2939,1471,103,5,326.63,5.7,24.5
2940,874,73,5,381.52,18.7,28.61
2941,1246,117,2,61.89,13.82,4.64
2942,52,18,3,377.04,4.41,28.28
2943,116,21,5,683.93,12.29,51.29
2944,538,72,3,511.89,17.41,38.39
2945,541,108,3,584.48,13.92,43.84
2946,1043,116,5,561.71,4.9,42.13
2947,815,98,5,462.99,12.98,34.72
2948,1416,74,2,189.6,12.38,14.22
2949,791,51,4,452.19,16.42,33.91
2950,618,41,1,448.83,3.56,33.66
2951,419,24,5,605.08,13.99,45.38
2952,309,104,5,343.22,0.55,25.74
2953,864,24,3,605.08,13.92,45.38
2954,186,120,4,217.67,19.21,16.33
2955,261,96,5,516.69,3.49,38.75
2956,1297,120,4,217.67,6.23,16.33
2957,160,97,1,644.19,11.66,48.31
2958,870,38,3,181.56,14.65,13.62
2959,762,44,2,69.47,6.89,5.21
2960,224,57,1,148.94,13.29,11.17
2961,1280,120,4,217.67,17.99,16.33
2962,180,115,4,251.84,14.53,18.89
2963,20,59,1,532.71,14.22,39.95
2964,632,113,4,836.2,7.64,62.72
2965,1492,34,2,416.11,18.23,31.21
2966,1234,75,2,308.59,5.55,23.14
2967,58,95,4,311.68,4.11,23.38
2968,1117,82,4,832.15,7.28,62.41
2969,1245,23,2,290.66,13.0,21.8
2970,723,86,4,221.25,17.23,16.59
2971,1256,43,5,186.64,2.64,14.0
2972,1388,82,3,832.15,16.28,62.41
2973,615,40,5,392.71,16.26,29.45
2974,562,47,4,512.89,11.74,38.47
2975,374,41,4,448.83,15.21,33.66
2976,622,47,3,512.89,3.64,38.47
2977,1480,103,4,326.63,3.39,24.5
2978,88,20,3,245.69,17.26,18.43
2979,1044,77,2,142.28,9.96,10.67
2980,1014,109,3,818.5,4.92,61.39
2981,14,65,3,433.0,13.77,32.48
2982,133,116,5,561.71,17.84,42.13
2983,1058,68,4,859.52,12.65,64.46
2984,892,24,2,605.08,6.95,45.38
2985,1232,100,1,605.3,9.66,45.4
2986,1223,36,3,518.21,15.05,38.87
2987,592,45,1,45.28,1.35,3.4
2988,583,2,4,689.33,4.34,51.7
2989,1179,28,3,463.39,9.25,34.75
2990,1102,26,1,403.55,12.08,30.27
2991,1196,23,5,290.66,6.78,21.8
2992,289,79,1,217.96,5.97,16.35
2993,1013,36,5,518.21,0.83,38.87
2994,879,91,2,181.12,0.65,13.58
2995,1444,6,4,207.99,5.57,15.6
2996,7,35,1,219.96,10.61,16.5
2997,1184,103,3,326.63,11.13,24.5
2998,240,38,4,181.56,9.88,13.62
2999,1447,35,1,219.96,8.2,16.5
3000,536,100,3,605.3,5.05,45.4
